/*
	Region
*/
INSERT INTO Region (id_region,nombre_region) VALUES (1,'Kanto');
INSERT INTO Region (id_region,nombre_region) VALUES (2,'Johto');
INSERT INTO Region (id_region,nombre_region) VALUES (3,'Hoenn');
INSERT INTO Region (id_region,nombre_region) VALUES (4,'Sinnoh');
INSERT INTO Region (id_region,nombre_region) VALUES (5,'Teselia');
INSERT INTO Region (id_region,nombre_region) VALUES (6,'Kalos');

/*
	Habilidad Pokémon
*/
INSERT INTO  HabilidadPokemon (id_habilidadPokemon,nombre_habilidadPokemon,descripcion_habilidadPokemon) VALUES (1,'Absor. agua','Convierte agua en PS.');
INSERT INTO  HabilidadPokemon (id_habilidadPokemon,nombre_habilidadPokemon,descripcion_habilidadPokemon) VALUES (2,'Absor. elec.','Convierte electricidad en PS.');
INSERT INTO  HabilidadPokemon (id_habilidadPokemon,nombre_habilidadPokemon,descripcion_habilidadPokemon) VALUES (3,'Absor. fuego','Aumenta la fuerza de los movimientos tipo fuego si el Pokemon recibe uno en vez de dano.');
INSERT INTO  HabilidadPokemon (id_habilidadPokemon,nombre_habilidadPokemon,descripcion_habilidadPokemon) VALUES (4,'Aclimatacion','Anula los efectos del clima.');
INSERT INTO  HabilidadPokemon (id_habilidadPokemon,nombre_habilidadPokemon,descripcion_habilidadPokemon) VALUES (5,'Agallas','Sube el ataque si el Pokemon sufre un cambio de estado.');
INSERT INTO  HabilidadPokemon (id_habilidadPokemon,nombre_habilidadPokemon,descripcion_habilidadPokemon) VALUES (6,'Armad. bat.','Bloquea golpes criticos.');
INSERT INTO  HabilidadPokemon (id_habilidadPokemon,nombre_habilidadPokemon,descripcion_habilidadPokemon) VALUES (7,'Ausente','Interviene cada dos rondas.');
INSERT INTO  HabilidadPokemon (id_habilidadPokemon,nombre_habilidadPokemon,descripcion_habilidadPokemon) VALUES (8,'Bucle aire','Anula los efectos del clima.');
INSERT INTO  HabilidadPokemon (id_habilidadPokemon,nombre_habilidadPokemon,descripcion_habilidadPokemon) VALUES (9,'Cabeza roca','Evita el dano colateral causado por movimientos del usuario.');
INSERT INTO  HabilidadPokemon (id_habilidadPokemon,nombre_habilidadPokemon,descripcion_habilidadPokemon) VALUES (10,'Cacofonia','Evita ataques de sonido.');
INSERT INTO  HabilidadPokemon (id_habilidadPokemon,nombre_habilidadPokemon,descripcion_habilidadPokemon) VALUES (11,'Cambio color','Toma el tipo del movimiento rival.');
INSERT INTO  HabilidadPokemon (id_habilidadPokemon,nombre_habilidadPokemon,descripcion_habilidadPokemon) VALUES (12,'Caparazon','Bloquea golpes criticos.');
INSERT INTO  HabilidadPokemon (id_habilidadPokemon,nombre_habilidadPokemon,descripcion_habilidadPokemon) VALUES (13,'Chorro arena','Crea una tormenta de arena.');
INSERT INTO  HabilidadPokemon (id_habilidadPokemon,nombre_habilidadPokemon,descripcion_habilidadPokemon) VALUES (14,'Clorofila','Con sol, sube la velocidad.');
INSERT INTO  HabilidadPokemon (id_habilidadPokemon,nombre_habilidadPokemon,descripcion_habilidadPokemon) VALUES (15,'Corte fuerte','Evita que baje el ataque.');
INSERT INTO  HabilidadPokemon (id_habilidadPokemon,nombre_habilidadPokemon,descripcion_habilidadPokemon) VALUES (16,'Cuerpo llama','Quema al minimo contacto.');
INSERT INTO  HabilidadPokemon (id_habilidadPokemon,nombre_habilidadPokemon,descripcion_habilidadPokemon) VALUES (17,'Cuerpo puro','Evita que bajen las estadisticas.');
INSERT INTO  HabilidadPokemon (id_habilidadPokemon,nombre_habilidadPokemon,descripcion_habilidadPokemon) VALUES (18,'Cura lluvia','Sube PS cuando llueve.');
INSERT INTO  HabilidadPokemon (id_habilidadPokemon,nombre_habilidadPokemon,descripcion_habilidadPokemon) VALUES (19,'Cura natural','Se cura al salir a la batalla.');
INSERT INTO  HabilidadPokemon (id_habilidadPokemon,nombre_habilidadPokemon,descripcion_habilidadPokemon) VALUES (20,'Despiste','Evita la atraccion.');
INSERT INTO  HabilidadPokemon (id_habilidadPokemon,nombre_habilidadPokemon,descripcion_habilidadPokemon) VALUES (21,'Dicha','Promueve efectos secundarios.');
INSERT INTO  HabilidadPokemon (id_habilidadPokemon,nombre_habilidadPokemon,descripcion_habilidadPokemon) VALUES (22,'Efec. espora','Duerme, paraliza o envenena al contacto.');
INSERT INTO  HabilidadPokemon (id_habilidadPokemon,nombre_habilidadPokemon,descripcion_habilidadPokemon) VALUES (23,'Elec. estat.','Paraliza al minimo contacto.');
INSERT INTO  HabilidadPokemon (id_habilidadPokemon,nombre_habilidadPokemon,descripcion_habilidadPokemon) VALUES (24,'Energia pura','Sube el ataque.');
INSERT INTO  HabilidadPokemon (id_habilidadPokemon,nombre_habilidadPokemon,descripcion_habilidadPokemon) VALUES (25,'Enjambre','Incrementa el poder de ataques tipo bicho.');
INSERT INTO  HabilidadPokemon (id_habilidadPokemon,nombre_habilidadPokemon,descripcion_habilidadPokemon) VALUES (26,'Entusiasmo','Cambia precision por Ataque.');
INSERT INTO  HabilidadPokemon (id_habilidadPokemon,nombre_habilidadPokemon,descripcion_habilidadPokemon) VALUES (27,'Escama esp.','Sube la defensa si sufre.');
INSERT INTO  HabilidadPokemon (id_habilidadPokemon,nombre_habilidadPokemon,descripcion_habilidadPokemon) VALUES (28,'Escudo magma','Evita el congelamiento.');
INSERT INTO  HabilidadPokemon (id_habilidadPokemon,nombre_habilidadPokemon,descripcion_habilidadPokemon) VALUES (29,'Espesura','Sube ataques tipo planta.');
INSERT INTO  HabilidadPokemon (id_habilidadPokemon,nombre_habilidadPokemon,descripcion_habilidadPokemon) VALUES (30,'Espir. vital','Evita el quedarse dormido.');
INSERT INTO  HabilidadPokemon (id_habilidadPokemon,nombre_habilidadPokemon,descripcion_habilidadPokemon) VALUES (31,'Flexibilidad','Evita la paralisis.');
INSERT INTO  HabilidadPokemon (id_habilidadPokemon,nombre_habilidadPokemon,descripcion_habilidadPokemon) VALUES (32,'Foco interno','Evita el retroceso.');
INSERT INTO  HabilidadPokemon (id_habilidadPokemon,nombre_habilidadPokemon,descripcion_habilidadPokemon) VALUES (33,'Fuga','Facilita la huida.');
INSERT INTO  HabilidadPokemon (id_habilidadPokemon,nombre_habilidadPokemon,descripcion_habilidadPokemon) VALUES (34,'Gran encanto','enamora al minimo contacto.');
INSERT INTO  HabilidadPokemon (id_habilidadPokemon,nombre_habilidadPokemon,descripcion_habilidadPokemon) VALUES (35,'Hedor','Aleja a Pokemon salvajes.');
INSERT INTO  HabilidadPokemon (id_habilidadPokemon,nombre_habilidadPokemon,descripcion_habilidadPokemon) VALUES (36,'Humedad','Evita la autodestruccion.');
INSERT INTO  HabilidadPokemon (id_habilidadPokemon,nombre_habilidadPokemon,descripcion_habilidadPokemon) VALUES (37,'Humo blanco','Evita que bajen las estadisticas.');
INSERT INTO  HabilidadPokemon (id_habilidadPokemon,nombre_habilidadPokemon,descripcion_habilidadPokemon) VALUES (38,'Iluminacion','Facilita el encuentro con Pokemon salvajes.');
INSERT INTO  HabilidadPokemon (id_habilidadPokemon,nombre_habilidadPokemon,descripcion_habilidadPokemon) VALUES (39,'Impulso','Aumenta la velocidad en cada turno.');
INSERT INTO  HabilidadPokemon (id_habilidadPokemon,nombre_habilidadPokemon,descripcion_habilidadPokemon) VALUES (40,'Iman','Atrapa Pokemon de acero.');
INSERT INTO  HabilidadPokemon (id_habilidadPokemon,nombre_habilidadPokemon,descripcion_habilidadPokemon) VALUES (41,'Inmunidad','Evita el envenenamiento.');
INSERT INTO  HabilidadPokemon (id_habilidadPokemon,nombre_habilidadPokemon,descripcion_habilidadPokemon) VALUES (42,'Insomnio','Evita el quedarse dormido.');
INSERT INTO  HabilidadPokemon (id_habilidadPokemon,nombre_habilidadPokemon,descripcion_habilidadPokemon) VALUES (43,'Insonorizar','Evita ataques de sonido.');
INSERT INTO  HabilidadPokemon (id_habilidadPokemon,nombre_habilidadPokemon,descripcion_habilidadPokemon) VALUES (44,'Intimidacion','Baja el ataque del rival.');
INSERT INTO  HabilidadPokemon (id_habilidadPokemon,nombre_habilidadPokemon,descripcion_habilidadPokemon) VALUES (45,'Levitacion','No sufre ataques tipo tierra.');
INSERT INTO  HabilidadPokemon (id_habilidadPokemon,nombre_habilidadPokemon,descripcion_habilidadPokemon) VALUES (46,'Llovizna','Cambia el clima a lluvioso.');
INSERT INTO  HabilidadPokemon (id_habilidadPokemon,nombre_habilidadPokemon,descripcion_habilidadPokemon) VALUES (47,'Lodo liquido','Al robar PS, hiere.');
INSERT INTO  HabilidadPokemon (id_habilidadPokemon,nombre_habilidadPokemon,descripcion_habilidadPokemon) VALUES (48,'Madrugar','Despierta rapido al Pokemon.');
INSERT INTO  HabilidadPokemon (id_habilidadPokemon,nombre_habilidadPokemon,descripcion_habilidadPokemon) VALUES (49,'Mar llamas','Sube ataques tipo fuego.');
INSERT INTO  HabilidadPokemon (id_habilidadPokemon,nombre_habilidadPokemon,descripcion_habilidadPokemon) VALUES (50,'Mas','Mejora con la habilidad Menos.');
INSERT INTO  HabilidadPokemon (id_habilidadPokemon,nombre_habilidadPokemon,descripcion_habilidadPokemon) VALUES (51,'Menos','Mejora con la habilidad Mas.');
INSERT INTO  HabilidadPokemon (id_habilidadPokemon,nombre_habilidadPokemon,descripcion_habilidadPokemon) VALUES (52,'Mudar','Se cura mudando la piel.');
INSERT INTO  HabilidadPokemon (id_habilidadPokemon,nombre_habilidadPokemon,descripcion_habilidadPokemon) VALUES (53,'Nado rapido','Con lluvia, sube la velocidad.');
INSERT INTO  HabilidadPokemon (id_habilidadPokemon,nombre_habilidadPokemon,descripcion_habilidadPokemon) VALUES (54,'Ojocompuesto','Aumenta la precision de los ataques.');
INSERT INTO  HabilidadPokemon (id_habilidadPokemon,nombre_habilidadPokemon,descripcion_habilidadPokemon) VALUES (55,'Pararrayos','Atrae ataques de tipo electrico.');
INSERT INTO  HabilidadPokemon (id_habilidadPokemon,nombre_habilidadPokemon,descripcion_habilidadPokemon) VALUES (56,'Piel tosca','Hiere al tacto.');
INSERT INTO  HabilidadPokemon (id_habilidadPokemon,nombre_habilidadPokemon,descripcion_habilidadPokemon) VALUES (57,'Polvo escudo','Evita efectos secundarios.');
INSERT INTO  HabilidadPokemon (id_habilidadPokemon,nombre_habilidadPokemon,descripcion_habilidadPokemon) VALUES (58,'Potencia','Aumenta el ataque.');
INSERT INTO  HabilidadPokemon (id_habilidadPokemon,nombre_habilidadPokemon,descripcion_habilidadPokemon) VALUES (59,'Prediccion','Cambia de forma con el clima.');
INSERT INTO  HabilidadPokemon (id_habilidadPokemon,nombre_habilidadPokemon,descripcion_habilidadPokemon) VALUES (60,'Presion','Baja los PP del enemigo.');
INSERT INTO  HabilidadPokemon (id_habilidadPokemon,nombre_habilidadPokemon,descripcion_habilidadPokemon) VALUES (61,'Punto toxico','Envenena al minimo contacto.');
INSERT INTO  HabilidadPokemon (id_habilidadPokemon,nombre_habilidadPokemon,descripcion_habilidadPokemon) VALUES (62,'Rastro','Copia la habilidad especial.');
INSERT INTO  HabilidadPokemon (id_habilidadPokemon,nombre_habilidadPokemon,descripcion_habilidadPokemon) VALUES (63,'Recogida','Puede tomar objetos.');
INSERT INTO  HabilidadPokemon (id_habilidadPokemon,nombre_habilidadPokemon,descripcion_habilidadPokemon) VALUES (64,'Ritmo propio','Evita la confusion.');
INSERT INTO  HabilidadPokemon (id_habilidadPokemon,nombre_habilidadPokemon,descripcion_habilidadPokemon) VALUES (65,'Robustez','Anula golpes fulminantes.');
INSERT INTO  HabilidadPokemon (id_habilidadPokemon,nombre_habilidadPokemon,descripcion_habilidadPokemon) VALUES (66,'Sebo','Protege del frio y calor.');
INSERT INTO  HabilidadPokemon (id_habilidadPokemon,nombre_habilidadPokemon,descripcion_habilidadPokemon) VALUES (67,'Sequia','Cambia el clima a soleado en batalla.');
INSERT INTO  HabilidadPokemon (id_habilidadPokemon,nombre_habilidadPokemon,descripcion_habilidadPokemon) VALUES (68,'Sincronia','Transmite problemas de estado.');
INSERT INTO  HabilidadPokemon (id_habilidadPokemon,nombre_habilidadPokemon,descripcion_habilidadPokemon) VALUES (69,'Sombratrampa','Evita que el enemigo huya.');
INSERT INTO  HabilidadPokemon (id_habilidadPokemon,nombre_habilidadPokemon,descripcion_habilidadPokemon) VALUES (70,'Superguarda','Solo afectan golpes super efectivos.');
INSERT INTO  HabilidadPokemon (id_habilidadPokemon,nombre_habilidadPokemon,descripcion_habilidadPokemon) VALUES (71,'Torrente','Sube ataques tipo agua.');
INSERT INTO  HabilidadPokemon (id_habilidadPokemon,nombre_habilidadPokemon,descripcion_habilidadPokemon) VALUES (72,'Trampa arena','Evita la huida.');
INSERT INTO  HabilidadPokemon (id_habilidadPokemon,nombre_habilidadPokemon,descripcion_habilidadPokemon) VALUES (73,'Velo agua','Evita las quemaduras.');
INSERT INTO  HabilidadPokemon (id_habilidadPokemon,nombre_habilidadPokemon,descripcion_habilidadPokemon) VALUES (74,'Velo arena','Aumenta evasion con Tormenta Arena.');
INSERT INTO  HabilidadPokemon (id_habilidadPokemon,nombre_habilidadPokemon,descripcion_habilidadPokemon) VALUES (75,'Ventosas','Fija el cuerpo con firmeza.');
INSERT INTO  HabilidadPokemon (id_habilidadPokemon,nombre_habilidadPokemon,descripcion_habilidadPokemon) VALUES (76,'Viscosidad','Evita el robo de objetos.');
INSERT INTO  HabilidadPokemon (id_habilidadPokemon,nombre_habilidadPokemon,descripcion_habilidadPokemon) VALUES (77,'Vista lince','Evita que baje la precision.');
INSERT INTO  HabilidadPokemon (id_habilidadPokemon,nombre_habilidadPokemon,descripcion_habilidadPokemon) VALUES (78,'Adaptable','Potencia los movimientos del mismo tipo.');
INSERT INTO  HabilidadPokemon (id_habilidadPokemon,nombre_habilidadPokemon,descripcion_habilidadPokemon) VALUES (79,'Afortunado','Aumenta la posibilidad de producir un ataque critico.');
INSERT INTO  HabilidadPokemon (id_habilidadPokemon,nombre_habilidadPokemon,descripcion_habilidadPokemon) VALUES (80,'Alerta','Determina el ataque mas potente del Pokemon rival.');
INSERT INTO  HabilidadPokemon (id_habilidadPokemon,nombre_habilidadPokemon,descripcion_habilidadPokemon) VALUES (81,'Anticipacion','Siente los ataques peligrosos del rival.');
INSERT INTO  HabilidadPokemon (id_habilidadPokemon,nombre_habilidadPokemon,descripcion_habilidadPokemon) VALUES (82,'Antidoto','Sube PS si el Pokemon esta envenenado.');
INSERT INTO  HabilidadPokemon (id_habilidadPokemon,nombre_habilidadPokemon,descripcion_habilidadPokemon) VALUES (83,'Audaz','Aumenta el poder de los ataques que causan retroceso.');
INSERT INTO  HabilidadPokemon (id_habilidadPokemon,nombre_habilidadPokemon,descripcion_habilidadPokemon) VALUES (84,'Cacheo','El Pokemon puede ver el objeto equipado del rival.');
INSERT INTO  HabilidadPokemon (id_habilidadPokemon,nombre_habilidadPokemon,descripcion_habilidadPokemon) VALUES (85,'Colector','Atrae ataques de tipo agua lanzados a un Pokemon.');
INSERT INTO  HabilidadPokemon (id_habilidadPokemon,nombre_habilidadPokemon,descripcion_habilidadPokemon) VALUES (86,'Cromolente','Potencia los movimientos "poco eficaces".');
INSERT INTO  HabilidadPokemon (id_habilidadPokemon,nombre_habilidadPokemon,descripcion_habilidadPokemon) VALUES (87,'Defensa hoja','Previene problemas de estado con dia soleado.');
INSERT INTO  HabilidadPokemon (id_habilidadPokemon,nombre_habilidadPokemon,descripcion_habilidadPokemon) VALUES (88,'Descarga','Ajusta el poder acorde con la habilidad del rival.');
INSERT INTO  HabilidadPokemon (id_habilidadPokemon,nombre_habilidadPokemon,descripcion_habilidadPokemon) VALUES (89,'Don floral','Aumenta el poder con dia soleado.');
INSERT INTO  HabilidadPokemon (id_habilidadPokemon,nombre_habilidadPokemon,descripcion_habilidadPokemon) VALUES (90,'Electromotor','Aumenta la rapidez si es golpeado con un ataque tipo electrico.');
INSERT INTO  HabilidadPokemon (id_habilidadPokemon,nombre_habilidadPokemon,descripcion_habilidadPokemon) VALUES (91,'Encadenado','Incrementa la frecuencia de golpes en los ataques de golpeo multiple.');
INSERT INTO  HabilidadPokemon (id_habilidadPokemon,nombre_habilidadPokemon,descripcion_habilidadPokemon) VALUES (92,'Experto','Aumenta el poder de los ataques debiles.');
INSERT INTO  HabilidadPokemon (id_habilidadPokemon,nombre_habilidadPokemon,descripcion_habilidadPokemon) VALUES (93,'Filtro','Mitiga los movimientos super efectivos.');
INSERT INTO  HabilidadPokemon (id_habilidadPokemon,nombre_habilidadPokemon,descripcion_habilidadPokemon) VALUES (94,'Francotirador','Potencia los movimientos que se vuelven criticos.');
INSERT INTO  HabilidadPokemon (id_habilidadPokemon,nombre_habilidadPokemon,descripcion_habilidadPokemon) VALUES (95,'Gula','Aumenta la rapidez del uso de las bayas equipadas.');
INSERT INTO  HabilidadPokemon (id_habilidadPokemon,nombre_habilidadPokemon,descripcion_habilidadPokemon) VALUES (96,'Gelido','Sube PS con Granizo.');
INSERT INTO  HabilidadPokemon (id_habilidadPokemon,nombre_habilidadPokemon,descripcion_habilidadPokemon) VALUES (97,'Hidratacion','Cura los problemas de estado si esta lloviendo.');
INSERT INTO  HabilidadPokemon (id_habilidadPokemon,nombre_habilidadPokemon,descripcion_habilidadPokemon) VALUES (98,'Ignifugo','Reduce el poder de los ataques tipo fuego.');
INSERT INTO  HabilidadPokemon (id_habilidadPokemon,nombre_habilidadPokemon,descripcion_habilidadPokemon) VALUES (99,'Ignorante','Ignora cualquier cambio en la habilidad del enemigo.');
INSERT INTO  HabilidadPokemon (id_habilidadPokemon,nombre_habilidadPokemon,descripcion_habilidadPokemon) VALUES (100,'Impasible','Sube la velocidad cada vez que el Pokemon retrocede.');
INSERT INTO  HabilidadPokemon (id_habilidadPokemon,nombre_habilidadPokemon,descripcion_habilidadPokemon) VALUES (101,'Indefenso','El ataque del Pokemon y el del rival acertaran.');
INSERT INTO  HabilidadPokemon (id_habilidadPokemon,nombre_habilidadPokemon,descripcion_habilidadPokemon) VALUES (102,'Inicio lento','Reduce el ataque y la velocidad.');
INSERT INTO  HabilidadPokemon (id_habilidadPokemon,nombre_habilidadPokemon,descripcion_habilidadPokemon) VALUES (103,'Intrepido','Permite golpear a los Pokemon de tipo fantasma.');
INSERT INTO  HabilidadPokemon (id_habilidadPokemon,nombre_habilidadPokemon,descripcion_habilidadPokemon) VALUES (104,'Irascible','Potencia el ataque tras recibir un golpe critico.');
INSERT INTO  HabilidadPokemon (id_habilidadPokemon,nombre_habilidadPokemon,descripcion_habilidadPokemon) VALUES (105,'Liviano','Sube la velocidad al perder un objeto equipado.');
INSERT INTO  HabilidadPokemon (id_habilidadPokemon,nombre_habilidadPokemon,descripcion_habilidadPokemon) VALUES (106,'Mal sueno','Reduce los PS del enemigo cuando duerme.');
INSERT INTO  HabilidadPokemon (id_habilidadPokemon,nombre_habilidadPokemon,descripcion_habilidadPokemon) VALUES (107,'Manto niveo','Mas evasion con Granizo.');
INSERT INTO  HabilidadPokemon (id_habilidadPokemon,nombre_habilidadPokemon,descripcion_habilidadPokemon) VALUES (108,'Multitipo','Cambia con la tablaequipada.');
INSERT INTO  HabilidadPokemon (id_habilidadPokemon,nombre_habilidadPokemon,descripcion_habilidadPokemon) VALUES (109,'Muro magico','Al Pokemon solo le afectan ataques directos.');
INSERT INTO  HabilidadPokemon (id_habilidadPokemon,nombre_habilidadPokemon,descripcion_habilidadPokemon) VALUES (110,'Nevada','El Pokemon invoca una tormenta de granizo.');
INSERT INTO  HabilidadPokemon (id_habilidadPokemon,nombre_habilidadPokemon,descripcion_habilidadPokemon) VALUES (111,'Normalidad','Todos los movimientos de este Pokemon son de tipo normal.');
INSERT INTO  HabilidadPokemon (id_habilidadPokemon,nombre_habilidadPokemon,descripcion_habilidadPokemon) VALUES (112,'Piel seca','Pierde PS si hace calor. Los recupera con agua.');
INSERT INTO  HabilidadPokemon (id_habilidadPokemon,nombre_habilidadPokemon,descripcion_habilidadPokemon) VALUES (113,'Pies rapidos','Potencia la velocidad si hay problemas de estado.');
INSERT INTO  HabilidadPokemon (id_habilidadPokemon,nombre_habilidadPokemon,descripcion_habilidadPokemon) VALUES (114,'Poder solar','Aumenta el ataque esp. y baja PS con sol.');
INSERT INTO  HabilidadPokemon (id_habilidadPokemon,nombre_habilidadPokemon,descripcion_habilidadPokemon) VALUES (115,'Puno ferreo','Aumenta el poder de los punos.');
INSERT INTO  HabilidadPokemon (id_habilidadPokemon,nombre_habilidadPokemon,descripcion_habilidadPokemon) VALUES (116,'Recogemiel','El Pokemon recoge miel de donde puede.');
INSERT INTO  HabilidadPokemon (id_habilidadPokemon,nombre_habilidadPokemon,descripcion_habilidadPokemon) VALUES (117,'Resquicio','Dana al rival que le ha dado el golpe de gracia.');
INSERT INTO  HabilidadPokemon (id_habilidadPokemon,nombre_habilidadPokemon,descripcion_habilidadPokemon) VALUES (118,'Rezagado','El Pokemon se movera en segundo lugar.');
INSERT INTO  HabilidadPokemon (id_habilidadPokemon,nombre_habilidadPokemon,descripcion_habilidadPokemon) VALUES (119,'Rivalidad','Sube el ataque si el rival es del mismo sexo.');
INSERT INTO  HabilidadPokemon (id_habilidadPokemon,nombre_habilidadPokemon,descripcion_habilidadPokemon) VALUES (120,'Roca solida','Reduce el poder de los ataques super efectivos del rival.');
INSERT INTO  HabilidadPokemon (id_habilidadPokemon,nombre_habilidadPokemon,descripcion_habilidadPokemon) VALUES (121,'Rompemoldes','No importan las habilidades para usar movimientos.');
INSERT INTO  HabilidadPokemon (id_habilidadPokemon,nombre_habilidadPokemon,descripcion_habilidadPokemon) VALUES (122,'Simple','Cambia las caracteristicas de la forma mas audaz.');
INSERT INTO  HabilidadPokemon (id_habilidadPokemon,nombre_habilidadPokemon,descripcion_habilidadPokemon) VALUES (123,'Tumbos','Sube la evasion si el Pokemon esta confuso.');
INSERT INTO  HabilidadPokemon (id_habilidadPokemon,nombre_habilidadPokemon,descripcion_habilidadPokemon) VALUES (124,'Zoquete','El Pokemon no puede usar ningun objeto equipado.');
INSERT INTO  HabilidadPokemon (id_habilidadPokemon,nombre_habilidadPokemon,descripcion_habilidadPokemon) VALUES (125,'Allanamiento','Los ataques del usuario no se ven afectados por ataques como Proteccion o Deteccion.');
INSERT INTO  HabilidadPokemon (id_habilidadPokemon,nombre_habilidadPokemon,descripcion_habilidadPokemon) VALUES (126,'Alma cura','Esta habilidad permite eliminar todos los problemas de estado de un companero Pokemon en plena batalla.');
INSERT INTO  HabilidadPokemon (id_habilidadPokemon,nombre_habilidadPokemon,descripcion_habilidadPokemon) VALUES (127,'Armadura fragil','Cuando el Pokemon es golpeado con ataques fisicos, su Defensa se reduce un nivel pero su Velocidad aumenta un nivel.');
INSERT INTO  HabilidadPokemon (id_habilidadPokemon,nombre_habilidadPokemon,descripcion_habilidadPokemon) VALUES (128,'Autoestima','Consiste en subir el ataque cuando debilitas a un rival.');
INSERT INTO  HabilidadPokemon (id_habilidadPokemon,nombre_habilidadPokemon,descripcion_habilidadPokemon) VALUES (129,'Bromista','Hace que los ataques de efectos tengan prioridad.');
INSERT INTO  HabilidadPokemon (id_habilidadPokemon,nombre_habilidadPokemon,descripcion_habilidadPokemon) VALUES (130,'Calculo final','Hace que los movimientos sean mas poderosos si son utilizados al ultimo.');
INSERT INTO  HabilidadPokemon (id_habilidadPokemon,nombre_habilidadPokemon,descripcion_habilidadPokemon) VALUES (131,'Cobardia','Incrementa la Velocidad del Pokemon al enfrentarse a determinados tipos de Pokemon contra los que presenta debilidad.');
INSERT INTO  HabilidadPokemon (id_habilidadPokemon,nombre_habilidadPokemon,descripcion_habilidadPokemon) VALUES (132,'Compensacion','Cuando el Pokemon tiene su PS al maximo, esta habilidad reduce el dano recibido del ataque rival.');
INSERT INTO  HabilidadPokemon (id_habilidadPokemon,nombre_habilidadPokemon,descripcion_habilidadPokemon) VALUES (133,'Competitivo','Los efectos de esta habilidad hacen que si al usuario le reducen una caracteristica, sube dos puntos de ataque.');
INSERT INTO  HabilidadPokemon (id_habilidadPokemon,nombre_habilidadPokemon,descripcion_habilidadPokemon) VALUES (134,'Compiescolta','Esta habilidad le brinda un poco de proteccion ante ataques de aliados haciendo que el poseedor de esta habilidad reciba menos dano del normal.');
INSERT INTO  HabilidadPokemon (id_habilidadPokemon,nombre_habilidadPokemon,descripcion_habilidadPokemon) VALUES (135,'Cosecha','El Pokemon puede utilizar la misma Baya de manera indefinida en batalla.');
INSERT INTO  HabilidadPokemon (id_habilidadPokemon,nombre_habilidadPokemon,descripcion_habilidadPokemon) VALUES (136,'Cuerpo maldito','Todo aquel rival que golpee a un Pokemon con esta habilidad tiene un 30% de probabilidad de ver anulado temporalmente el uso del movimiento utilizado.');
INSERT INTO  HabilidadPokemon (id_habilidadPokemon,nombre_habilidadPokemon,descripcion_habilidadPokemon) VALUES (137,'Espejo magico','Refleja el efecto de determinados movimientos modificadores.');
INSERT INTO  HabilidadPokemon (id_habilidadPokemon,nombre_habilidadPokemon,descripcion_habilidadPokemon) VALUES (138,'Flaqueza','Si los PS restantes del Pokemon son inferiores al 50% de sus PS maximos, sus estadisticas se reducen.');
INSERT INTO  HabilidadPokemon (id_habilidadPokemon,nombre_habilidadPokemon,descripcion_habilidadPokemon) VALUES (139,'Funda','Esta habilidad hace que el usuario sea invulnerable a los cambios del clima.');
INSERT INTO  HabilidadPokemon (id_habilidadPokemon,nombre_habilidadPokemon,descripcion_habilidadPokemon) VALUES (140,'Herbivoro','Esta habilidad anula los posibles danos que el Pokemon que la tenga pueda sufrir al recibir ataques de tipo planta y aumenta su ataque cuando son golpeados por movimientos de dicho tipo.');
INSERT INTO  HabilidadPokemon (id_habilidadPokemon,nombre_habilidadPokemon,descripcion_habilidadPokemon) VALUES (141,'Hurto','Hace que el usuario robe el objeto del rival al minimo contacto.');
INSERT INTO  HabilidadPokemon (id_habilidadPokemon,nombre_habilidadPokemon,descripcion_habilidadPokemon) VALUES (142,'Ilusion','Permite transformarse en otros Pokemon.');
INSERT INTO  HabilidadPokemon (id_habilidadPokemon,nombre_habilidadPokemon,descripcion_habilidadPokemon) VALUES (143,'impetu ardiente','Incrementa el poder de sus ataques especiales cuando el Pokemon esta quemado.');
INSERT INTO  HabilidadPokemon (id_habilidadPokemon,nombre_habilidadPokemon,descripcion_habilidadPokemon) VALUES (144,'impetu arena','Esta habilidad aumenta la velocidad del Pokemon que la tiene cuando hay una tormenta de arena en plena batalla.');
INSERT INTO  HabilidadPokemon (id_habilidadPokemon,nombre_habilidadPokemon,descripcion_habilidadPokemon) VALUES (145,'impetu toxico','Incrementa el poder los ataques fisicos cuando el usuario esta envenenado.');
INSERT INTO  HabilidadPokemon (id_habilidadPokemon,nombre_habilidadPokemon,descripcion_habilidadPokemon) VALUES (146,'Impostor','El Pokemon se transforma automaticamente en el Pokemon rival al salir a la batalla. En batallas multiples se transforma en uno de sus rivales al azar.');
INSERT INTO  HabilidadPokemon (id_habilidadPokemon,nombre_habilidadPokemon,descripcion_habilidadPokemon) VALUES (147,'Justiciero','Es una habilidad que da inmunidad ante los ataques de tipo siniestro y sube el ataque al recibir uno.');
INSERT INTO  HabilidadPokemon (id_habilidadPokemon,nombre_habilidadPokemon,descripcion_habilidadPokemon) VALUES (148,'Metal liviano','Hace que el Pokemon pese la mitad');
INSERT INTO  HabilidadPokemon (id_habilidadPokemon,nombre_habilidadPokemon,descripcion_habilidadPokemon) VALUES (149,'Metal pesado','Hace que el Pokemon pese el doble.');
INSERT INTO  HabilidadPokemon (id_habilidadPokemon,nombre_habilidadPokemon,descripcion_habilidadPokemon) VALUES (150,'Modo Daruma','Permite al pokemon usuario cambiar de forma cuando tenga menos del 50 % de PS, revirtiendo el Ataque por el Ataque especial.');
INSERT INTO  HabilidadPokemon (id_habilidadPokemon,nombre_habilidadPokemon,descripcion_habilidadPokemon) VALUES (151,'Momia','Su efecto consiste en transformar la habilidad del oponente en Momia ');
INSERT INTO  HabilidadPokemon (id_habilidadPokemon,nombre_habilidadPokemon,descripcion_habilidadPokemon) VALUES (152,'Nerviosismo','Esta habilidad anula el uso de las bayas.');
INSERT INTO  HabilidadPokemon (id_habilidadPokemon,nombre_habilidadPokemon,descripcion_habilidadPokemon) VALUES (153,'Piel milagro','Esta habilidad evita que el pokemon sea afectado por ataques que no hagan dano.');
INSERT INTO  HabilidadPokemon (id_habilidadPokemon,nombre_habilidadPokemon,descripcion_habilidadPokemon) VALUES (154,'Poder arena','Esta habilidad aumenta el poder de los ataques de tipo tierra, roca y acero cuando hay una tormenta de arena en plena batalla.');
INSERT INTO  HabilidadPokemon (id_habilidadPokemon,nombre_habilidadPokemon,descripcion_habilidadPokemon) VALUES (155,'Potencia bruta','Los efectos secundarios de los ataques no se cumplen, pero se hacen mas fuertes.');
INSERT INTO  HabilidadPokemon (id_habilidadPokemon,nombre_habilidadPokemon,descripcion_habilidadPokemon) VALUES (156,'Punta acero','Provoca dano al rival que haga contacto con este Pokemon.');
INSERT INTO  HabilidadPokemon (id_habilidadPokemon,nombre_habilidadPokemon,descripcion_habilidadPokemon) VALUES (157,'Regeneracion','Recupera un tercio de sus PS (HP) cuando lo regresas a su Pokeball en batalla.');
INSERT INTO  HabilidadPokemon (id_habilidadPokemon,nombre_habilidadPokemon,descripcion_habilidadPokemon) VALUES (158,'Respondon','Los movimientos que suben estadisticas las bajan, y viceversa.');
INSERT INTO  HabilidadPokemon (id_habilidadPokemon,nombre_habilidadPokemon,descripcion_habilidadPokemon) VALUES (159,'Sacapecho','Evita que le bajen la defensa al Pokemon usuario.');
INSERT INTO  HabilidadPokemon (id_habilidadPokemon,nombre_habilidadPokemon,descripcion_habilidadPokemon) VALUES (160,'Telepatia','Con esta habilidad, ataques como terremoto o explosion no afectaran al Pokemon.');
INSERT INTO  HabilidadPokemon (id_habilidadPokemon,nombre_habilidadPokemon,descripcion_habilidadPokemon) VALUES (161,'Terravoltaje','Hace que las otras habilidades no tengan efecto.');
INSERT INTO  HabilidadPokemon (id_habilidadPokemon,nombre_habilidadPokemon,descripcion_habilidadPokemon) VALUES (162,'Tinovictoria','Aumenta la precision del Pokemon.');
INSERT INTO  HabilidadPokemon (id_habilidadPokemon,nombre_habilidadPokemon,descripcion_habilidadPokemon) VALUES (163,'Toque toxico','Los movimientos de contacto del poseedor tienen una probabilidad del 30% de envenenar al oponente');
INSERT INTO  HabilidadPokemon (id_habilidadPokemon,nombre_habilidadPokemon,descripcion_habilidadPokemon) VALUES (164,'Turbollama','Hace que las otras habilidades no tengan efecto.');
INSERT INTO  HabilidadPokemon (id_habilidadPokemon,nombre_habilidadPokemon,descripcion_habilidadPokemon) VALUES (165,'Veleta','Provoca que una de las estadisticas del Pokemon se incremente en dos niveles mientras otra se reduce en uno.');
INSERT INTO  HabilidadPokemon (id_habilidadPokemon,nombre_habilidadPokemon,descripcion_habilidadPokemon) VALUES (166,'Alas vendaval','Otorga prioridad +1 a los movimientos de tipo volador.');
INSERT INTO  HabilidadPokemon (id_habilidadPokemon,nombre_habilidadPokemon,descripcion_habilidadPokemon) VALUES (167,'Antibalas','Hace al usuario inmune a algunos movimientos especiales');
INSERT INTO  HabilidadPokemon (id_habilidadPokemon,nombre_habilidadPokemon,descripcion_habilidadPokemon) VALUES (168,'Amor filial','Permite atacar dos veces en un mismo turno, un ataque de su cria y otro del propio Pokemon.');
INSERT INTO  HabilidadPokemon (id_habilidadPokemon,nombre_habilidadPokemon,descripcion_habilidadPokemon) VALUES (169,'Aura feerica','Potencia los movimientos de tipo Hada de todos los Pokemon en el combate.');
INSERT INTO  HabilidadPokemon (id_habilidadPokemon,nombre_habilidadPokemon,descripcion_habilidadPokemon) VALUES (170,'Aura oscura','Potencia los movimientos de tipo Siniestro de todos los Pokemon en el combate.');
INSERT INTO  HabilidadPokemon (id_habilidadPokemon,nombre_habilidadPokemon,descripcion_habilidadPokemon) VALUES (171,'Baba','Baja en un nivel la velocidad del Pokemon que use un movimiento de contacto contra el poseedor de la habilidad.');
INSERT INTO  HabilidadPokemon (id_habilidadPokemon,nombre_habilidadPokemon,descripcion_habilidadPokemon) VALUES (172,'Cambio tactico','Cambia la forma y las estadisticas del Pokemon dependiendo de sus movimientos.');
INSERT INTO  HabilidadPokemon (id_habilidadPokemon,nombre_habilidadPokemon,descripcion_habilidadPokemon) VALUES (173,'Carrillo','Cuando un Pokemon con esta habilidad se come una baya en combate, ademas de obtener el efecto habitual de esa baya, recuperara PS.');
INSERT INTO  HabilidadPokemon (id_habilidadPokemon,nombre_habilidadPokemon,descripcion_habilidadPokemon) VALUES (174,'Garra dura','Aumenta el poder de los ataques fisicos de contacto.');
INSERT INTO  HabilidadPokemon (id_habilidadPokemon,nombre_habilidadPokemon,descripcion_habilidadPokemon) VALUES (175,'Mar del albor','Cambia el clima a diluvio.');
INSERT INTO  HabilidadPokemon (id_habilidadPokemon,nombre_habilidadPokemon,descripcion_habilidadPokemon) VALUES (176,'Megadisparador','Aumenta la potencia de movimientos de pulsos, como hidropulso y pulso umbrio, haciendolos aun mas devastadores.');
INSERT INTO  HabilidadPokemon (id_habilidadPokemon,nombre_habilidadPokemon,descripcion_habilidadPokemon) VALUES (177,'Mandibula fuerte','Aumenta la potencia de movimientos en los que se requiere morder, como triturar o mordisco.');
INSERT INTO  HabilidadPokemon (id_habilidadPokemon,nombre_habilidadPokemon,descripcion_habilidadPokemon) VALUES (178,'Manto frondoso','Aumenta la defensa especial del usuario si se usa el movimiento campo de hierba.');
INSERT INTO  HabilidadPokemon (id_habilidadPokemon,nombre_habilidadPokemon,descripcion_habilidadPokemon) VALUES (179,'Mutatipo','Cambia el tipo del Pokemon al del movimiento que va a usar.');
INSERT INTO  HabilidadPokemon (id_habilidadPokemon,nombre_habilidadPokemon,descripcion_habilidadPokemon) VALUES (180,'Pelaje recio','Reduce a la mitad el dano recibido por ataques fisicos.');
INSERT INTO  HabilidadPokemon (id_habilidadPokemon,nombre_habilidadPokemon,descripcion_habilidadPokemon) VALUES (181,'Piel celeste','Cambia el tipo de los movimientos de tipo normal por tipo volador.');
INSERT INTO  HabilidadPokemon (id_habilidadPokemon,nombre_habilidadPokemon,descripcion_habilidadPokemon) VALUES (182,'Piel feerica','Cambia el tipo de los movimientos de tipo normal por tipo hada.');
INSERT INTO  HabilidadPokemon (id_habilidadPokemon,nombre_habilidadPokemon,descripcion_habilidadPokemon) VALUES (183,'Piel helada','Convierte los movimientos de tipo normal en tipo hielo.');
INSERT INTO  HabilidadPokemon (id_habilidadPokemon,nombre_habilidadPokemon,descripcion_habilidadPokemon) VALUES (184,'Prestidigitador','Permite al usuario robar el objeto del oponente.');
INSERT INTO  HabilidadPokemon (id_habilidadPokemon,nombre_habilidadPokemon,descripcion_habilidadPokemon) VALUES (185,'Rafaga delta','Cambia el clima aturbulencias en batalla');
INSERT INTO  HabilidadPokemon (id_habilidadPokemon,nombre_habilidadPokemon,descripcion_habilidadPokemon) VALUES (186,'Rompeaura','Invierte todas las habilidades de aura.');
INSERT INTO  HabilidadPokemon (id_habilidadPokemon,nombre_habilidadPokemon,descripcion_habilidadPokemon) VALUES (187,'Simbiosis','Hace que el usuario sea capaz de pasar un objeto a un aliado.');
INSERT INTO  HabilidadPokemon (id_habilidadPokemon,nombre_habilidadPokemon,descripcion_habilidadPokemon) VALUES (188,'Tenacidad','Si al usuario le reducen una caracteristica, sube dos puntos de ataque especial.');
INSERT INTO  HabilidadPokemon (id_habilidadPokemon,nombre_habilidadPokemon,descripcion_habilidadPokemon) VALUES (189,'Tierra del ocaso','Cambia el clima a sol abrasador en batalla');
INSERT INTO  HabilidadPokemon (id_habilidadPokemon,nombre_habilidadPokemon,descripcion_habilidadPokemon) VALUES (190,'Velo aroma','Protege a los aliados de movimientos que afecten a su mente, como atraccion.');
INSERT INTO  HabilidadPokemon (id_habilidadPokemon,nombre_habilidadPokemon,descripcion_habilidadPokemon) VALUES (191,'Velo dulce','Evita que los Pokemon aliados se duerman durante el combate.');
INSERT INTO  HabilidadPokemon (id_habilidadPokemon,nombre_habilidadPokemon,descripcion_habilidadPokemon) VALUES (192,'Velo flor','Evita que bajen las caracteristicas de los Pokemon de tipo planta aliados.');

/*
	Elementos
*/
INSERT INTO Elemento (id_elemento,nombre_elemento) VALUES (1,'Acero');
INSERT INTO Elemento (id_elemento,nombre_elemento) VALUES (2,'Agua');
INSERT INTO Elemento (id_elemento,nombre_elemento) VALUES (3,'Bicho');
INSERT INTO Elemento (id_elemento,nombre_elemento) VALUES (4,'Dragon');
INSERT INTO Elemento (id_elemento,nombre_elemento) VALUES (5,'Electrico');
INSERT INTO Elemento (id_elemento,nombre_elemento) VALUES (6,'Fantasma');
INSERT INTO Elemento (id_elemento,nombre_elemento) VALUES (7,'Fuego');
INSERT INTO Elemento (id_elemento,nombre_elemento) VALUES (8,'Hada');
INSERT INTO Elemento (id_elemento,nombre_elemento) VALUES (9,'Hielo');
INSERT INTO Elemento (id_elemento,nombre_elemento) VALUES (10,'Lucha');
INSERT INTO Elemento (id_elemento,nombre_elemento) VALUES (11,'Normal');
INSERT INTO Elemento (id_elemento,nombre_elemento) VALUES (12,'Planta');
INSERT INTO Elemento (id_elemento,nombre_elemento) VALUES (13,'Psiquico');
INSERT INTO Elemento (id_elemento,nombre_elemento) VALUES (14,'Roca');
INSERT INTO Elemento (id_elemento,nombre_elemento) VALUES (15,'Siniestro');
INSERT INTO Elemento (id_elemento,nombre_elemento) VALUES (16,'Tierra');
INSERT INTO Elemento (id_elemento,nombre_elemento) VALUES (17,'Veneno');
INSERT INTO Elemento (id_elemento,nombre_elemento) VALUES (18,'Volador');
/*
	Familia Pokemon

*/
INSERT INTO Familia_Pokemon (id_familiaPokemon,nombre_familiaPokemon,especie_familiaPokemon,numPokemon_familiaPokemon,nivelEvolucion_familiaPokemon,formaEvolucion_familiaPokemon,ataqueBase_familiaPokemon,ataqueMax_familiaPokemon,ataqueEspecialBase_familiaPokemon,ataqueEspecialMax_familiaPokemon,defensaBase_familiaPokemon,defensaMax_familiaPokemon,defensaEspecialBase_familiaPokemon,defensaEspecialMax_familiaPokemon,velocidadBase_familiaPokemon,velocidadMax_familiaPokemon,hpBase_familiaPokemon,hpMax_familiaPokemon,expBase)values (74,'Geodude','Roca',74,25,'Nivel',80,259,30,159,100,299,30,159,20,139,40,284,86);
INSERT INTO Familia_Pokemon (id_familiaPokemon,nombre_familiaPokemon,especie_familiaPokemon,numPokemon_familiaPokemon,nivelEvolucion_familiaPokemon,formaEvolucion_familiaPokemon,ataqueBase_familiaPokemon,ataqueMax_familiaPokemon,ataqueEspecialBase_familiaPokemon,ataqueEspecialMax_familiaPokemon,defensaBase_familiaPokemon,defensaMax_familiaPokemon,defensaEspecialBase_familiaPokemon,defensaEspecialMax_familiaPokemon,velocidadBase_familiaPokemon,velocidadMax_familiaPokemon,hpBase_familiaPokemon,hpMax_familiaPokemon,expBase)values (75,'Graveler','Roca',75,0,'Intercambio',95,289,45,189,115,329,45,189,35,169,55,314,134);
INSERT INTO Familia_Pokemon (id_familiaPokemon,nombre_familiaPokemon,especie_familiaPokemon,numPokemon_familiaPokemon,nivelEvolucion_familiaPokemon,formaEvolucion_familiaPokemon,ataqueBase_familiaPokemon,ataqueMax_familiaPokemon,ataqueEspecialBase_familiaPokemon,ataqueEspecialMax_familiaPokemon,defensaBase_familiaPokemon,defensaMax_familiaPokemon,defensaEspecialBase_familiaPokemon,defensaEspecialMax_familiaPokemon,velocidadBase_familiaPokemon,velocidadMax_familiaPokemon,hpBase_familiaPokemon,hpMax_familiaPokemon,expBase)values (76,'Golem','Megaton',76,0,'No tiene',120,339,55,209,130,359,65,229,45,189,80,364,177);
INSERT INTO Familia_Pokemon (id_familiaPokemon,nombre_familiaPokemon,especie_familiaPokemon,numPokemon_familiaPokemon,nivelEvolucion_familiaPokemon,formaEvolucion_familiaPokemon,ataqueBase_familiaPokemon,ataqueMax_familiaPokemon,ataqueEspecialBase_familiaPokemon,ataqueEspecialMax_familiaPokemon,defensaBase_familiaPokemon,defensaMax_familiaPokemon,defensaEspecialBase_familiaPokemon,defensaEspecialMax_familiaPokemon,velocidadBase_familiaPokemon,velocidadMax_familiaPokemon,hpBase_familiaPokemon,hpMax_familiaPokemon,expBase)values (95,'Onix','Serpiente Roca',95,0,'Intercambio + Rev.Metalico',45,189,30,159,160,419,45,189,70,239,35,274,108);
INSERT INTO Familia_Pokemon (id_familiaPokemon,nombre_familiaPokemon,especie_familiaPokemon,numPokemon_familiaPokemon,nivelEvolucion_familiaPokemon,formaEvolucion_familiaPokemon,ataqueBase_familiaPokemon,ataqueMax_familiaPokemon,ataqueEspecialBase_familiaPokemon,ataqueEspecialMax_familiaPokemon,defensaBase_familiaPokemon,defensaMax_familiaPokemon,defensaEspecialBase_familiaPokemon,defensaEspecialMax_familiaPokemon,velocidadBase_familiaPokemon,velocidadMax_familiaPokemon,hpBase_familiaPokemon,hpMax_familiaPokemon,expBase)values (111,'Rhyhorn','Clavos',111,42,'Nivel',85,269,30,159,95,289,30,159,25,149,80,364,135);
INSERT INTO Familia_Pokemon (id_familiaPokemon,nombre_familiaPokemon,especie_familiaPokemon,numPokemon_familiaPokemon,nivelEvolucion_familiaPokemon,formaEvolucion_familiaPokemon,ataqueBase_familiaPokemon,ataqueMax_familiaPokemon,ataqueEspecialBase_familiaPokemon,ataqueEspecialMax_familiaPokemon,defensaBase_familiaPokemon,defensaMax_familiaPokemon,defensaEspecialBase_familiaPokemon,defensaEspecialMax_familiaPokemon,velocidadBase_familiaPokemon,velocidadMax_familiaPokemon,hpBase_familiaPokemon,hpMax_familiaPokemon,expBase)values (112,'Rhydon','Taladro',112,0,'Intercambio + Protector',130,359,45,189,120,339,45,189,40,179,105,414,204);
INSERT INTO Familia_Pokemon (id_familiaPokemon,nombre_familiaPokemon,especie_familiaPokemon,numPokemon_familiaPokemon,nivelEvolucion_familiaPokemon,formaEvolucion_familiaPokemon,ataqueBase_familiaPokemon,ataqueMax_familiaPokemon,ataqueEspecialBase_familiaPokemon,ataqueEspecialMax_familiaPokemon,defensaBase_familiaPokemon,defensaMax_familiaPokemon,defensaEspecialBase_familiaPokemon,defensaEspecialMax_familiaPokemon,velocidadBase_familiaPokemon,velocidadMax_familiaPokemon,hpBase_familiaPokemon,hpMax_familiaPokemon,expBase)values (138,'Omanyte','Espiral',138,40,'Nivel',40,179,90,279,100,299,55,209,35,169,35,274,120);
INSERT INTO Familia_Pokemon (id_familiaPokemon,nombre_familiaPokemon,especie_familiaPokemon,numPokemon_familiaPokemon,nivelEvolucion_familiaPokemon,formaEvolucion_familiaPokemon,ataqueBase_familiaPokemon,ataqueMax_familiaPokemon,ataqueEspecialBase_familiaPokemon,ataqueEspecialMax_familiaPokemon,defensaBase_familiaPokemon,defensaMax_familiaPokemon,defensaEspecialBase_familiaPokemon,defensaEspecialMax_familiaPokemon,velocidadBase_familiaPokemon,velocidadMax_familiaPokemon,hpBase_familiaPokemon,hpMax_familiaPokemon,expBase)values (139,'Omastar','Espiral',139,0,'No tiene',60,219,115,329,125,349,70,239,55,209,70,344,199);
INSERT INTO Familia_Pokemon (id_familiaPokemon,nombre_familiaPokemon,especie_familiaPokemon,numPokemon_familiaPokemon,nivelEvolucion_familiaPokemon,formaEvolucion_familiaPokemon,ataqueBase_familiaPokemon,ataqueMax_familiaPokemon,ataqueEspecialBase_familiaPokemon,ataqueEspecialMax_familiaPokemon,defensaBase_familiaPokemon,defensaMax_familiaPokemon,defensaEspecialBase_familiaPokemon,defensaEspecialMax_familiaPokemon,velocidadBase_familiaPokemon,velocidadMax_familiaPokemon,hpBase_familiaPokemon,hpMax_familiaPokemon,expBase)values (140,'Kabuto','Marisco',140,40,'Nivel',80,59,55,209,90,279,45,189,55,209,30,264,119);
INSERT INTO Familia_Pokemon (id_familiaPokemon,nombre_familiaPokemon,especie_familiaPokemon,numPokemon_familiaPokemon,nivelEvolucion_familiaPokemon,formaEvolucion_familiaPokemon,ataqueBase_familiaPokemon,ataqueMax_familiaPokemon,ataqueEspecialBase_familiaPokemon,ataqueEspecialMax_familiaPokemon,defensaBase_familiaPokemon,defensaMax_familiaPokemon,defensaEspecialBase_familiaPokemon,defensaEspecialMax_familiaPokemon,velocidadBase_familiaPokemon,velocidadMax_familiaPokemon,hpBase_familiaPokemon,hpMax_familiaPokemon,expBase)values (141,'Kabutops','Marisco',141,0,'No tiene',115,329,65,229,105,309,70,239,80,259,60,324,201);
INSERT INTO Familia_Pokemon (id_familiaPokemon,nombre_familiaPokemon,especie_familiaPokemon,numPokemon_familiaPokemon,nivelEvolucion_familiaPokemon,formaEvolucion_familiaPokemon,ataqueBase_familiaPokemon,ataqueMax_familiaPokemon,ataqueEspecialBase_familiaPokemon,ataqueEspecialMax_familiaPokemon,defensaBase_familiaPokemon,defensaMax_familiaPokemon,defensaEspecialBase_familiaPokemon,defensaEspecialMax_familiaPokemon,velocidadBase_familiaPokemon,velocidadMax_familiaPokemon,hpBase_familiaPokemon,hpMax_familiaPokemon,expBase)values (142,'Aerodactyl','Fosil',142,0,'No tiene',105,309,60,219,65,229,75,249,130,259,80,364,202);
INSERT INTO Familia_Pokemon (id_familiaPokemon,nombre_familiaPokemon,especie_familiaPokemon,numPokemon_familiaPokemon,nivelEvolucion_familiaPokemon,formaEvolucion_familiaPokemon,ataqueBase_familiaPokemon,ataqueMax_familiaPokemon,ataqueEspecialBase_familiaPokemon,ataqueEspecialMax_familiaPokemon,defensaBase_familiaPokemon,defensaMax_familiaPokemon,defensaEspecialBase_familiaPokemon,defensaEspecialMax_familiaPokemon,velocidadBase_familiaPokemon,velocidadMax_familiaPokemon,hpBase_familiaPokemon,hpMax_familiaPokemon,expBase)values (246,'Larvitar','Piel Roca',246,30,'Nivel',64,227,45,189,50,199,50,199,41,181,50,304,67);
INSERT INTO Familia_Pokemon (id_familiaPokemon,nombre_familiaPokemon,especie_familiaPokemon,numPokemon_familiaPokemon,nivelEvolucion_familiaPokemon,formaEvolucion_familiaPokemon,ataqueBase_familiaPokemon,ataqueMax_familiaPokemon,ataqueEspecialBase_familiaPokemon,ataqueEspecialMax_familiaPokemon,defensaBase_familiaPokemon,defensaMax_familiaPokemon,defensaEspecialBase_familiaPokemon,defensaEspecialMax_familiaPokemon,velocidadBase_familiaPokemon,velocidadMax_familiaPokemon,hpBase_familiaPokemon,hpMax_familiaPokemon,expBase)values (247,'Pupitar','Caparazon',247,55,'Nivel',84,267,65,229,70,239,70,239,51,201,70,344,144);
INSERT INTO Familia_Pokemon (id_familiaPokemon,nombre_familiaPokemon,especie_familiaPokemon,numPokemon_familiaPokemon,nivelEvolucion_familiaPokemon,formaEvolucion_familiaPokemon,ataqueBase_familiaPokemon,ataqueMax_familiaPokemon,ataqueEspecialBase_familiaPokemon,ataqueEspecialMax_familiaPokemon,defensaBase_familiaPokemon,defensaMax_familiaPokemon,defensaEspecialBase_familiaPokemon,defensaEspecialMax_familiaPokemon,velocidadBase_familiaPokemon,velocidadMax_familiaPokemon,hpBase_familiaPokemon,hpMax_familiaPokemon,expBase)values (248,'Tyranitar','Coraza',248,0,'No tiene',134,367,95,289,110,319,100,299,61,221,100,404,218);
INSERT INTO Familia_Pokemon (id_familiaPokemon,nombre_familiaPokemon,especie_familiaPokemon,numPokemon_familiaPokemon,nivelEvolucion_familiaPokemon,formaEvolucion_familiaPokemon,ataqueBase_familiaPokemon,ataqueMax_familiaPokemon,ataqueEspecialBase_familiaPokemon,ataqueEspecialMax_familiaPokemon,defensaBase_familiaPokemon,defensaMax_familiaPokemon,defensaEspecialBase_familiaPokemon,defensaEspecialMax_familiaPokemon,velocidadBase_familiaPokemon,velocidadMax_familiaPokemon,hpBase_familiaPokemon,hpMax_familiaPokemon,expBase)values (369,'Relicanth','Longevo',369,0,'No Tiene',90,279,45,189,130,359,65,229,55,209,100,404,198);
INSERT INTO Familia_Pokemon (id_familiaPokemon,nombre_familiaPokemon,especie_familiaPokemon,numPokemon_familiaPokemon,nivelEvolucion_familiaPokemon,formaEvolucion_familiaPokemon,ataqueBase_familiaPokemon,ataqueMax_familiaPokemon,ataqueEspecialBase_familiaPokemon,ataqueEspecialMax_familiaPokemon,defensaBase_familiaPokemon,defensaMax_familiaPokemon,defensaEspecialBase_familiaPokemon,defensaEspecialMax_familiaPokemon,velocidadBase_familiaPokemon,velocidadMax_familiaPokemon,hpBase_familiaPokemon,hpMax_familiaPokemon,expBase)values (408,'Cranidos','Cabezazo',408,30,'Nivel',125,349,30,159,40,179,30,159,58,215,67,338,99);
INSERT INTO Familia_Pokemon (id_familiaPokemon,nombre_familiaPokemon,especie_familiaPokemon,numPokemon_familiaPokemon,nivelEvolucion_familiaPokemon,formaEvolucion_familiaPokemon,ataqueBase_familiaPokemon,ataqueMax_familiaPokemon,ataqueEspecialBase_familiaPokemon,ataqueEspecialMax_familiaPokemon,defensaBase_familiaPokemon,defensaMax_familiaPokemon,defensaEspecialBase_familiaPokemon,defensaEspecialMax_familiaPokemon,velocidadBase_familiaPokemon,velocidadMax_familiaPokemon,hpBase_familiaPokemon,hpMax_familiaPokemon,expBase)values (409,'Rampardos','Cabezazo',409,0,'No Tiene',165,49,65,219,60,219,50,199,58,215,97,398,199);
INSERT INTO Familia_Pokemon (id_familiaPokemon,nombre_familiaPokemon,especie_familiaPokemon,numPokemon_familiaPokemon,nivelEvolucion_familiaPokemon,formaEvolucion_familiaPokemon,ataqueBase_familiaPokemon,ataqueMax_familiaPokemon,ataqueEspecialBase_familiaPokemon,ataqueEspecialMax_familiaPokemon,defensaBase_familiaPokemon,defensaMax_familiaPokemon,defensaEspecialBase_familiaPokemon,defensaEspecialMax_familiaPokemon,velocidadBase_familiaPokemon,velocidadMax_familiaPokemon,hpBase_familiaPokemon,hpMax_familiaPokemon,expBase)values (464,'Rhyperior','Taladro',464,0,'No Tiene',140,379,55,209,130,359,55,209,40,179,115,434,217);
/*
	Medallas
*/
INSERT INTO Medallas (id_medalla,nombre_medalla,ciudad_medalla,id_region)values (1,'Medalla Roca','Ciudad Plateada',1);
INSERT INTO Medallas (id_medalla,nombre_medalla,ciudad_medalla,id_region)values (2,'Medalla Cascada','Ciudad Celeste',1);
INSERT INTO Medallas (id_medalla,nombre_medalla,ciudad_medalla,id_region)values (3,'Medalla Trueno','Ciudad Carmin',1);
INSERT INTO Medallas (id_medalla,nombre_medalla,ciudad_medalla,id_region)values (4,'Medalla Arcoiris','Ciudad Azulona',1);
INSERT INTO Medallas (id_medalla,nombre_medalla,ciudad_medalla,id_region)values (5,'Medalla Alma','Ciudad Fucsia',1);
INSERT INTO Medallas (id_medalla,nombre_medalla,ciudad_medalla,id_region)values (6,'Medalla Pantano','Ciudad Azafrán',1);
INSERT INTO Medallas (id_medalla,nombre_medalla,ciudad_medalla,id_region)values (7,'Medalla Volcan','Isla Canela',1);
INSERT INTO Medallas (id_medalla,nombre_medalla,ciudad_medalla,id_region)values (8,'Medalla Tierra','Ciudad Verde',1);
INSERT INTO Medallas (id_medalla,nombre_medalla,ciudad_medalla,id_region)values (9,'Medalla Cefiro','Ciudad Malva',2);
INSERT INTO Medallas (id_medalla,nombre_medalla,ciudad_medalla,id_region)values (10,'Medalla Colmena','Ciudad Azalea',2);
INSERT INTO Medallas (id_medalla,nombre_medalla,ciudad_medalla,id_region)values (11,'Medalla Planicie','Ciudad Trigal',2);
INSERT INTO Medallas (id_medalla,nombre_medalla,ciudad_medalla,id_region)values (12,'Medalla Niebla','Ciudad Iris',2);
INSERT INTO Medallas (id_medalla,nombre_medalla,ciudad_medalla,id_region)values (13,'Medalla Tormenta','Ciudad Orquidea',2);
INSERT INTO Medallas (id_medalla,nombre_medalla,ciudad_medalla,id_region)values (14,'Medalla Mineral','Ciudad Olivo',2);
INSERT INTO Medallas (id_medalla,nombre_medalla,ciudad_medalla,id_region)values (15,'Medalla Glaciar','Ciudad Caoba',2);
INSERT INTO Medallas (id_medalla,nombre_medalla,ciudad_medalla,id_region)values (16,'Medalla Dragon','Ciudad Endrino',2);
INSERT INTO Medallas (id_medalla,nombre_medalla,ciudad_medalla,id_region)values (17,'Medalla Piedra','Ciudad Ferrica',3);
INSERT INTO Medallas (id_medalla,nombre_medalla,ciudad_medalla,id_region)values (18,'Medalla Puño','Ciudad Azuliza',3);
INSERT INTO Medallas (id_medalla,nombre_medalla,ciudad_medalla,id_region)values (19,'Medalla Dinamo','Ciudad Malvalona',3);
INSERT INTO Medallas (id_medalla,nombre_medalla,ciudad_medalla,id_region)values (20,'Medalla Calor','Ciudad Lavacalda',3);
INSERT INTO Medallas (id_medalla,nombre_medalla,ciudad_medalla,id_region)values (21,'Medalla Equilibrio','Ciudad Petalia',3);
INSERT INTO Medallas (id_medalla,nombre_medalla,ciudad_medalla,id_region)values (22,'Medalla Pluma','Ciudad Arborada',3);
INSERT INTO Medallas (id_medalla,nombre_medalla,ciudad_medalla,id_region)values (23,'Medalla Mente','Ciudad Algaria',3);
INSERT INTO Medallas (id_medalla,nombre_medalla,ciudad_medalla,id_region)values (24,'Medalla Lluvia','Ciudad Arrecipolis',3);
INSERT INTO Medallas (id_medalla,nombre_medalla,ciudad_medalla,id_region)values (25,'Medalla Lignito','Ciudad Pirita',4);
INSERT INTO Medallas (id_medalla,nombre_medalla,ciudad_medalla,id_region)values (26,'Medalla Bosque','Ciudad Vetusta',4);
INSERT INTO Medallas (id_medalla,nombre_medalla,ciudad_medalla,id_region)values (27,'Medalla Adoquin','Ciudad Rocavelo',4);
INSERT INTO Medallas (id_medalla,nombre_medalla,ciudad_medalla,id_region)values (28,'Medalla Cienaga','Ciudad Pradera',4);
INSERT INTO Medallas (id_medalla,nombre_medalla,ciudad_medalla,id_region)values (29,'Medalla Reliquia','Cuidad Corazon',4);
INSERT INTO Medallas (id_medalla,nombre_medalla,ciudad_medalla,id_region)values (30,'Medalla Mina','Ciudad Canal',4);
INSERT INTO Medallas (id_medalla,nombre_medalla,ciudad_medalla,id_region)values (31,'Medalla Carambano','Ciudad Puntaneva',4);
INSERT INTO Medallas (id_medalla,nombre_medalla,ciudad_medalla,id_region)values (32,'Medalla Faro','Ciudad Marina',4);
INSERT INTO Medallas (id_medalla,nombre_medalla,ciudad_medalla,id_region)values (33,'Medalla Trio','Ciudad de Gres',5);
INSERT INTO Medallas (id_medalla,nombre_medalla,ciudad_medalla,id_region)values (34,'Medalla Base','Ciudad Esmalte',5);
INSERT INTO Medallas (id_medalla,nombre_medalla,ciudad_medalla,id_region)values (35,'Medalla Elitro','Ciudad Porcelana',5);
INSERT INTO Medallas (id_medalla,nombre_medalla,ciudad_medalla,id_region)values (36,'Medalla Voltio','Ciudad Mayolica',5);
INSERT INTO Medallas (id_medalla,nombre_medalla,ciudad_medalla,id_region)values (37,'Medalla Temblor','Ciudad Fayenza',5);
INSERT INTO Medallas (id_medalla,nombre_medalla,ciudad_medalla,id_region)values (38,'Medalla Jet','Cuidad Loza',5);
INSERT INTO Medallas (id_medalla,nombre_medalla,ciudad_medalla,id_region)values (39,'Medalla Candelizo','Ciudad Teja',5);
INSERT INTO Medallas (id_medalla,nombre_medalla,ciudad_medalla,id_region)values (40,'Medalla Leyenda','Ciudad Caolin',5);
INSERT INTO Medallas (id_medalla,nombre_medalla,ciudad_medalla,id_region)values (41,'Medalla Ponzoña','Ciudad Hormigon',5);
INSERT INTO Medallas (id_medalla,nombre_medalla,ciudad_medalla,id_region)values (42,'Medalla Ola','Ciudad Marga',5);
INSERT INTO Medallas (id_medalla,nombre_medalla,ciudad_medalla,id_region)values (43,'Medalla Insecto','Ciudad Novarte',6);
INSERT INTO Medallas (id_medalla,nombre_medalla,ciudad_medalla,id_region)values (44,'Medalla Muro','Ciudad Relieve',6);
INSERT INTO Medallas (id_medalla,nombre_medalla,ciudad_medalla,id_region)values (45,'Medalla Lid','Ciudad Yantra',6);
INSERT INTO Medallas (id_medalla,nombre_medalla,ciudad_medalla,id_region)values (46,'Medalla Hoja','Ciudad Tempera',6);
INSERT INTO Medallas (id_medalla,nombre_medalla,ciudad_medalla,id_region)values (47,'Medalla Voltaje','Cuidad Luminalia',6);
INSERT INTO Medallas (id_medalla,nombre_medalla,ciudad_medalla,id_region)values (48,'Medalla Hada','Cuidad Romantis',6);
INSERT INTO Medallas (id_medalla,nombre_medalla,ciudad_medalla,id_region)values (49,'Medalla Psique','Ciudad Fluxus',6);
INSERT INTO Medallas (id_medalla,nombre_medalla,ciudad_medalla,id_region)values (50,'Medalla Iceberg','Ciudad Fractal',6);

/*
	Entrenadores
*/
INSERT INTO Entrenador (id_entrenador,id_medalla,nombre_entrenador,categoria_entrenador,id_region)values (1,1,'Brock','Lider de Gimnasio',1);
INSERT INTO Entrenador (id_entrenador,id_medalla,nombre_entrenador,categoria_entrenador,id_region)values (2,2,'Misty','Lider de Gimnasio',1);
INSERT INTO Entrenador (id_entrenador,id_medalla,nombre_entrenador,categoria_entrenador,id_region)values (3,3,'Lt. Surge','Lider de Gimnasio',1);
INSERT INTO Entrenador (id_entrenador,id_medalla,nombre_entrenador,categoria_entrenador,id_region)values (4,4,'Erika','Lider de Gimnasio',1);
INSERT INTO Entrenador (id_entrenador,id_medalla,nombre_entrenador,categoria_entrenador,id_region)values (5,5,'Koga','Lider de Gimnasio',1);
INSERT INTO Entrenador (id_entrenador,id_medalla,nombre_entrenador,categoria_entrenador,id_region)values (6,5,'Sachiko','Lider de Gimnasio',1);
INSERT INTO Entrenador (id_entrenador,id_medalla,nombre_entrenador,categoria_entrenador,id_region)values (7,6,'Sabrina','Lider de Gimnasio',1);
INSERT INTO Entrenador (id_entrenador,id_medalla,nombre_entrenador,categoria_entrenador,id_region)values (8,7,'Blaine','Lider de Gimnasio',1);
INSERT INTO Entrenador (id_entrenador,id_medalla,nombre_entrenador,categoria_entrenador,id_region)values (9,8,'Giovanni','Lider de Gimnasio',1);
INSERT INTO Entrenador (id_entrenador,id_medalla,nombre_entrenador,categoria_entrenador,id_region)values (10,8,'Azul','Lider de Gimnasio',1);
INSERT INTO Entrenador (id_entrenador,id_medalla,nombre_entrenador,categoria_entrenador,id_region)values (11,9,'Pegaso','Lider de Gimnasio',2);
INSERT INTO Entrenador (id_entrenador,id_medalla,nombre_entrenador,categoria_entrenador,id_region)values (12,10,'Anton','Lider de Gimnasio',2);
INSERT INTO Entrenador (id_entrenador,id_medalla,nombre_entrenador,categoria_entrenador,id_region)values (13,11,'Blanca','Lider de Gimnasio',2);
INSERT INTO Entrenador (id_entrenador,id_medalla,nombre_entrenador,categoria_entrenador,id_region)values (14,12,'Morti','Lider de Gimnasio',2);
INSERT INTO Entrenador (id_entrenador,id_medalla,nombre_entrenador,categoria_entrenador,id_region)values (15,13,'Anibal','Lider de Gimnasio',2);
INSERT INTO Entrenador (id_entrenador,id_medalla,nombre_entrenador,categoria_entrenador,id_region)values (16,14,'Yasmina','Lider de Gimnasio',2);
INSERT INTO Entrenador (id_entrenador,id_medalla,nombre_entrenador,categoria_entrenador,id_region)values (17,15,'Fredo','Lider de Gimnasio',2);
INSERT INTO Entrenador (id_entrenador,id_medalla,nombre_entrenador,categoria_entrenador,id_region)values (18,16,'Debora','Lider de Gimnasio',2);
INSERT INTO Entrenador (id_entrenador,id_medalla,nombre_entrenador,categoria_entrenador,id_region)values (19,17,'Petra','Lider de Gimnasio',3);
INSERT INTO Entrenador (id_entrenador,id_medalla,nombre_entrenador,categoria_entrenador,id_region)values (20,18,'Marcial','Lider de Gimnasio',3);
INSERT INTO Entrenador (id_entrenador,id_medalla,nombre_entrenador,categoria_entrenador,id_region)values (21,19,'Erico','Lider de Gimnasio',3);
INSERT INTO Entrenador (id_entrenador,id_medalla,nombre_entrenador,categoria_entrenador,id_region)values (22,20,'Candela','Lider de Gimnasio',3);
INSERT INTO Entrenador (id_entrenador,id_medalla,nombre_entrenador,categoria_entrenador,id_region)values (23,21,'Norman','Lider de Gimnasio',3);
INSERT INTO Entrenador (id_entrenador,id_medalla,nombre_entrenador,categoria_entrenador,id_region)values (24,22,'Alana','Lider de Gimnasio',3);
INSERT INTO Entrenador (id_entrenador,id_medalla,nombre_entrenador,categoria_entrenador,id_region)values (25,23,'Vito y Leti','Lider de Gimnasio',3);
INSERT INTO Entrenador (id_entrenador,id_medalla,nombre_entrenador,categoria_entrenador,id_region)values (26,24,'Plubio','Lider de Gimnasio',3);
INSERT INTO Entrenador (id_entrenador,id_medalla,nombre_entrenador,categoria_entrenador,id_region)values (27,24,'Galano','Lider de Gimnasio',3);
INSERT INTO Entrenador (id_entrenador,id_medalla,nombre_entrenador,categoria_entrenador,id_region)values (28,25,'Roco','Lider de Gimnasio',4);
INSERT INTO Entrenador (id_entrenador,id_medalla,nombre_entrenador,categoria_entrenador,id_region)values (29,26,'Gardenia','Lider de Gimnasio',4);
INSERT INTO Entrenador (id_entrenador,id_medalla,nombre_entrenador,categoria_entrenador,id_region)values (30,27,'Brega','Lider de Gimnasio',4);
INSERT INTO Entrenador (id_entrenador,id_medalla,nombre_entrenador,categoria_entrenador,id_region)values (31,28,'Mananti','Lider de Gimnasio',4);
INSERT INTO Entrenador (id_entrenador,id_medalla,nombre_entrenador,categoria_entrenador,id_region)values (32,29,'Fantina','Lider de Gimnasio',4);
INSERT INTO Entrenador (id_entrenador,id_medalla,nombre_entrenador,categoria_entrenador,id_region)values (33,30,'Aceron','Lider de Gimnasio',4);
INSERT INTO Entrenador (id_entrenador,id_medalla,nombre_entrenador,categoria_entrenador,id_region)values (34,31,'Inverna','Lider de Gimnasio',4);
INSERT INTO Entrenador (id_entrenador,id_medalla,nombre_entrenador,categoria_entrenador,id_region)values (35,32,'Letro','Lider de Gimnasio',4);
INSERT INTO Entrenador (id_entrenador,id_medalla,nombre_entrenador,categoria_entrenador,id_region)values (36,33,'Millo, Maiz y Zeo','Lider de Gimnasio',5);
INSERT INTO Entrenador (id_entrenador,id_medalla,nombre_entrenador,categoria_entrenador,id_region)values (37,34,'Aloe','Lider de Gimnasio',5);
INSERT INTO Entrenador (id_entrenador,id_medalla,nombre_entrenador,categoria_entrenador,id_region)values (38,34,'Cheren','Lider de Gimnasio',5);
INSERT INTO Entrenador (id_entrenador,id_medalla,nombre_entrenador,categoria_entrenador,id_region)values (39,35,'Camus','Lider de Gimnasio',5);
INSERT INTO Entrenador (id_entrenador,id_medalla,nombre_entrenador,categoria_entrenador,id_region)values (40,36,'Camila','Lider de Gimnasio',5);
INSERT INTO Entrenador (id_entrenador,id_medalla,nombre_entrenador,categoria_entrenador,id_region)values (41,37,'Yakon','Lider de Gimnasio',5);
INSERT INTO Entrenador (id_entrenador,id_medalla,nombre_entrenador,categoria_entrenador,id_region)values (42,38,'Gerania','Lider de Gimnasio',5);
INSERT INTO Entrenador (id_entrenador,id_medalla,nombre_entrenador,categoria_entrenador,id_region)values (43,39,'Junco','Lider de Gimnasio',5);
INSERT INTO Entrenador (id_entrenador,id_medalla,nombre_entrenador,categoria_entrenador,id_region)values (44,40,'Lirio','Lider de Gimnasio',5);
INSERT INTO Entrenador (id_entrenador,id_medalla,nombre_entrenador,categoria_entrenador,id_region)values (45,40,'Iris','Lider de Gimnasio',5);
INSERT INTO Entrenador (id_entrenador,id_medalla,nombre_entrenador,categoria_entrenador,id_region)values (46,41,'Hiedra','Lider de Gimnasio',5);
INSERT INTO Entrenador (id_entrenador,id_medalla,nombre_entrenador,categoria_entrenador,id_region)values (47,42,'Ciprian','Lider de Gimnasio',5);
INSERT INTO Entrenador (id_entrenador,id_medalla,nombre_entrenador,categoria_entrenador,id_region)values (48,43,'Violeta','Lider de Gimnasio',6);
INSERT INTO Entrenador (id_entrenador,id_medalla,nombre_entrenador,categoria_entrenador,id_region)values (49,44,'Lino','Lider de Gimnasio',6);
INSERT INTO Entrenador (id_entrenador,id_medalla,nombre_entrenador,categoria_entrenador,id_region)values (50,45,'Corelia','Lider de Gimnasio',6);
INSERT INTO Entrenador (id_entrenador,id_medalla,nombre_entrenador,categoria_entrenador,id_region)values (51,46,'Amaro','Lider de Gimnasio',6);
INSERT INTO Entrenador (id_entrenador,id_medalla,nombre_entrenador,categoria_entrenador,id_region)values (52,47,'Lim','Lider de Gimnasio',6);
INSERT INTO Entrenador (id_entrenador,id_medalla,nombre_entrenador,categoria_entrenador,id_region)values (53,48,'Valeria','Lider de Gimnasio',6);
INSERT INTO Entrenador (id_entrenador,id_medalla,nombre_entrenador,categoria_entrenador,id_region)values (54,49,'Astrid','Lider de Gimnasio',6);
INSERT INTO Entrenador (id_entrenador,id_medalla,nombre_entrenador,categoria_entrenador,id_region)values (55,50,'Edel','Lider de Gimnasio',6);

/*
	Entrenadores
*/

INSERT INTO MOVIMIENTO (ID_MOVIMIENTO, ID_ELEMENTO, NOMBRE_MOVIMIENTO, POTENCIA_MOVIMIENTO, PRESICION_MOVIMIENTO, PUNTOSPODER_MOVIMIENTO, CANTIDADBLANCOS_MOVIMIENTO, CARACTERISTICA_MOVIMIENTO, CONFUNDE_MOVIMIENTO, ENVENENA_MOVIMIENTO, CONGELA_MOVIMIENTO, DUERME_MOVIMIENTO, QUEMA_MOVIMIENTO, CONTACTO_MOVIMIENTO) 
	VALUES (2, 1, 'Puño bala', 40, 100, 30, '1', '', false, false, false, false, false, true);
INSERT INTO MOVIMIENTO (ID_MOVIMIENTO, ID_ELEMENTO, NOMBRE_MOVIMIENTO, POTENCIA_MOVIMIENTO, PRESICION_MOVIMIENTO, PUNTOSPODER_MOVIMIENTO, CANTIDADBLANCOS_MOVIMIENTO, CARACTERISTICA_MOVIMIENTO, CONFUNDE_MOVIMIENTO, ENVENENA_MOVIMIENTO, CONGELA_MOVIMIENTO, DUERME_MOVIMIENTO, QUEMA_MOVIMIENTO, CONTACTO_MOVIMIENTO) 
	VALUES (5, 2, 'HidroBomba', 100, 85, 5, '1', '', false, false, false, false, false, false);
INSERT INTO MOVIMIENTO (ID_MOVIMIENTO, ID_ELEMENTO, NOMBRE_MOVIMIENTO, POTENCIA_MOVIMIENTO, PRESICION_MOVIMIENTO, PUNTOSPODER_MOVIMIENTO, CANTIDADBLANCOS_MOVIMIENTO, CARACTERISTICA_MOVIMIENTO, CONFUNDE_MOVIMIENTO, ENVENENA_MOVIMIENTO, CONGELA_MOVIMIENTO, DUERME_MOVIMIENTO, QUEMA_MOVIMIENTO, CONTACTO_MOVIMIENTO) 
	VALUES (6, 2, 'Burbuja', 40, 100, 30, '1', '', false, false, false, false, false, false);
INSERT INTO MOVIMIENTO (ID_MOVIMIENTO, ID_ELEMENTO, NOMBRE_MOVIMIENTO, POTENCIA_MOVIMIENTO, PRESICION_MOVIMIENTO, PUNTOSPODER_MOVIMIENTO, CANTIDADBLANCOS_MOVIMIENTO, CARACTERISTICA_MOVIMIENTO, CONFUNDE_MOVIMIENTO, ENVENENA_MOVIMIENTO, CONGELA_MOVIMIENTO, DUERME_MOVIMIENTO, QUEMA_MOVIMIENTO, CONTACTO_MOVIMIENTO) 
	VALUES (7, 3, 'Corte Furia', 40, 95, 20, '1', '', false, false, false, false, false, true);
INSERT INTO MOVIMIENTO (ID_MOVIMIENTO, ID_ELEMENTO, NOMBRE_MOVIMIENTO, POTENCIA_MOVIMIENTO, PRESICION_MOVIMIENTO, PUNTOSPODER_MOVIMIENTO, CANTIDADBLANCOS_MOVIMIENTO, CARACTERISTICA_MOVIMIENTO, CONFUNDE_MOVIMIENTO, ENVENENA_MOVIMIENTO, CONGELA_MOVIMIENTO, DUERME_MOVIMIENTO, QUEMA_MOVIMIENTO, CONTACTO_MOVIMIENTO) 
	VALUES (8, 3, 'Picadura', 60, 100, 20, '1', '', false, true, false, false, false, true);
INSERT INTO MOVIMIENTO (ID_MOVIMIENTO, ID_ELEMENTO, NOMBRE_MOVIMIENTO, POTENCIA_MOVIMIENTO, PRESICION_MOVIMIENTO, PUNTOSPODER_MOVIMIENTO, CANTIDADBLANCOS_MOVIMIENTO, CARACTERISTICA_MOVIMIENTO, CONFUNDE_MOVIMIENTO, ENVENENA_MOVIMIENTO, CONGELA_MOVIMIENTO, DUERME_MOVIMIENTO, QUEMA_MOVIMIENTO, CONTACTO_MOVIMIENTO) 
	VALUES (9, 4, 'Ciclón', 40, 100, 20, '1', '', false, false, false, false, false, false);
INSERT INTO MOVIMIENTO (ID_MOVIMIENTO, ID_ELEMENTO, NOMBRE_MOVIMIENTO, POTENCIA_MOVIMIENTO, PRESICION_MOVIMIENTO, PUNTOSPODER_MOVIMIENTO, CANTIDADBLANCOS_MOVIMIENTO, CARACTERISTICA_MOVIMIENTO, CONFUNDE_MOVIMIENTO, ENVENENA_MOVIMIENTO, CONGELA_MOVIMIENTO, DUERME_MOVIMIENTO, QUEMA_MOVIMIENTO, CONTACTO_MOVIMIENTO) 
	VALUES (10, 4, 'Dragoaliento', 60, 100, 20, '1', '', true, false, false, false, false, false);
INSERT INTO MOVIMIENTO (ID_MOVIMIENTO, ID_ELEMENTO, NOMBRE_MOVIMIENTO, POTENCIA_MOVIMIENTO, PRESICION_MOVIMIENTO, PUNTOSPODER_MOVIMIENTO, CANTIDADBLANCOS_MOVIMIENTO, CARACTERISTICA_MOVIMIENTO, CONFUNDE_MOVIMIENTO, ENVENENA_MOVIMIENTO, CONGELA_MOVIMIENTO, DUERME_MOVIMIENTO, QUEMA_MOVIMIENTO, CONTACTO_MOVIMIENTO) 
	VALUES (11, 5, 'Impactrueno', 40, 100, 30, '1', '', false, false, false, false, false, false);
INSERT INTO MOVIMIENTO (ID_MOVIMIENTO, ID_ELEMENTO, NOMBRE_MOVIMIENTO, POTENCIA_MOVIMIENTO, PRESICION_MOVIMIENTO, PUNTOSPODER_MOVIMIENTO, CANTIDADBLANCOS_MOVIMIENTO, CARACTERISTICA_MOVIMIENTO, CONFUNDE_MOVIMIENTO, ENVENENA_MOVIMIENTO, CONGELA_MOVIMIENTO, DUERME_MOVIMIENTO, QUEMA_MOVIMIENTO, CONTACTO_MOVIMIENTO) 
	VALUES (12, 5, 'Rayo', 90, 100, 15, '1', '', false, false, false, false, false, false);
INSERT INTO MOVIMIENTO (ID_MOVIMIENTO, ID_ELEMENTO, NOMBRE_MOVIMIENTO, POTENCIA_MOVIMIENTO, PRESICION_MOVIMIENTO, PUNTOSPODER_MOVIMIENTO, CANTIDADBLANCOS_MOVIMIENTO, CARACTERISTICA_MOVIMIENTO, CONFUNDE_MOVIMIENTO, ENVENENA_MOVIMIENTO, CONGELA_MOVIMIENTO, DUERME_MOVIMIENTO, QUEMA_MOVIMIENTO, CONTACTO_MOVIMIENTO) 
	VALUES (13, 6, 'Lenguetazo', 30, 100, 30, '1', '', true, false, false, false, false, false);
INSERT INTO MOVIMIENTO (ID_MOVIMIENTO, ID_ELEMENTO, NOMBRE_MOVIMIENTO, POTENCIA_MOVIMIENTO, PRESICION_MOVIMIENTO, PUNTOSPODER_MOVIMIENTO, CANTIDADBLANCOS_MOVIMIENTO, CARACTERISTICA_MOVIMIENTO, CONFUNDE_MOVIMIENTO, ENVENENA_MOVIMIENTO, CONGELA_MOVIMIENTO, DUERME_MOVIMIENTO, QUEMA_MOVIMIENTO, CONTACTO_MOVIMIENTO) 
	VALUES (14, 6, 'Bola sombra', 80, 100, 12, '1', '', false, false, false, false, false, false);
INSERT INTO MOVIMIENTO (ID_MOVIMIENTO, ID_ELEMENTO, NOMBRE_MOVIMIENTO, POTENCIA_MOVIMIENTO, PRESICION_MOVIMIENTO, PUNTOSPODER_MOVIMIENTO, CANTIDADBLANCOS_MOVIMIENTO, CARACTERISTICA_MOVIMIENTO, CONFUNDE_MOVIMIENTO, ENVENENA_MOVIMIENTO, CONGELA_MOVIMIENTO, DUERME_MOVIMIENTO, QUEMA_MOVIMIENTO, CONTACTO_MOVIMIENTO) 
	VALUES (15, 7, 'Lanzallamas', 90, 100, 15, '1', '', false, false, false, false, true, false);
INSERT INTO MOVIMIENTO (ID_MOVIMIENTO, ID_ELEMENTO, NOMBRE_MOVIMIENTO, POTENCIA_MOVIMIENTO, PRESICION_MOVIMIENTO, PUNTOSPODER_MOVIMIENTO, CANTIDADBLANCOS_MOVIMIENTO, CARACTERISTICA_MOVIMIENTO, CONFUNDE_MOVIMIENTO, ENVENENA_MOVIMIENTO, CONGELA_MOVIMIENTO, DUERME_MOVIMIENTO, QUEMA_MOVIMIENTO, CONTACTO_MOVIMIENTO) 
	VALUES (16, 7, 'Anillo Igneo', 150, 90, 5, '1', '', false, false, false, false, true, false);
INSERT INTO MOVIMIENTO (ID_MOVIMIENTO, ID_ELEMENTO, NOMBRE_MOVIMIENTO, POTENCIA_MOVIMIENTO, PRESICION_MOVIMIENTO, PUNTOSPODER_MOVIMIENTO, CANTIDADBLANCOS_MOVIMIENTO, CARACTERISTICA_MOVIMIENTO, CONFUNDE_MOVIMIENTO, ENVENENA_MOVIMIENTO, CONGELA_MOVIMIENTO, DUERME_MOVIMIENTO, QUEMA_MOVIMIENTO, CONTACTO_MOVIMIENTO) 
	VALUES (17, 8, 'Beso drenaje', 50, 100, 10, '1', '', false, false, false, false, false, false);
INSERT INTO MOVIMIENTO (ID_MOVIMIENTO, ID_ELEMENTO, NOMBRE_MOVIMIENTO, POTENCIA_MOVIMIENTO, PRESICION_MOVIMIENTO, PUNTOSPODER_MOVIMIENTO, CANTIDADBLANCOS_MOVIMIENTO, CARACTERISTICA_MOVIMIENTO, CONFUNDE_MOVIMIENTO, ENVENENA_MOVIMIENTO, CONGELA_MOVIMIENTO, DUERME_MOVIMIENTO, QUEMA_MOVIMIENTO, CONTACTO_MOVIMIENTO) 
	VALUES (18, 8, 'Carantoña', 90, 90, 10, '1', '', false, false, false, false, false, true);
INSERT INTO MOVIMIENTO (ID_MOVIMIENTO, ID_ELEMENTO, NOMBRE_MOVIMIENTO, POTENCIA_MOVIMIENTO, PRESICION_MOVIMIENTO, PUNTOSPODER_MOVIMIENTO, CANTIDADBLANCOS_MOVIMIENTO, CARACTERISTICA_MOVIMIENTO, CONFUNDE_MOVIMIENTO, ENVENENA_MOVIMIENTO, CONGELA_MOVIMIENTO, DUERME_MOVIMIENTO, QUEMA_MOVIMIENTO, CONTACTO_MOVIMIENTO) 
	VALUES (19, 9, 'Chuzos', 85, 90, 10, '1', '', false, false, true, false, false, false);
INSERT INTO MOVIMIENTO (ID_MOVIMIENTO, ID_ELEMENTO, NOMBRE_MOVIMIENTO, POTENCIA_MOVIMIENTO, PRESICION_MOVIMIENTO, PUNTOSPODER_MOVIMIENTO, CANTIDADBLANCOS_MOVIMIENTO, CARACTERISTICA_MOVIMIENTO, CONFUNDE_MOVIMIENTO, ENVENENA_MOVIMIENTO, CONGELA_MOVIMIENTO, DUERME_MOVIMIENTO, QUEMA_MOVIMIENTO, CONTACTO_MOVIMIENTO) 
	VALUES (20, 9, 'Rayo hielo', 90, 100, 15, '1', '', false, false, true, false, false, false);
INSERT INTO MOVIMIENTO (ID_MOVIMIENTO, ID_ELEMENTO, NOMBRE_MOVIMIENTO, POTENCIA_MOVIMIENTO, PRESICION_MOVIMIENTO, PUNTOSPODER_MOVIMIENTO, CANTIDADBLANCOS_MOVIMIENTO, CARACTERISTICA_MOVIMIENTO, CONFUNDE_MOVIMIENTO, ENVENENA_MOVIMIENTO, CONGELA_MOVIMIENTO, DUERME_MOVIMIENTO, QUEMA_MOVIMIENTO, CONTACTO_MOVIMIENTO) 
	VALUES (21, 10, 'Demolición', 75, 100, 15, '1', '', false, false, false, false, false, true);
INSERT INTO MOVIMIENTO (ID_MOVIMIENTO, ID_ELEMENTO, NOMBRE_MOVIMIENTO, POTENCIA_MOVIMIENTO, PRESICION_MOVIMIENTO, PUNTOSPODER_MOVIMIENTO, CANTIDADBLANCOS_MOVIMIENTO, CARACTERISTICA_MOVIMIENTO, CONFUNDE_MOVIMIENTO, ENVENENA_MOVIMIENTO, CONGELA_MOVIMIENTO, DUERME_MOVIMIENTO, QUEMA_MOVIMIENTO, CONTACTO_MOVIMIENTO) 
	VALUES (22, 10, 'Fuerza bruta', 120, 100, 5, '1', '', false, false, false, false, false, true);
INSERT INTO MOVIMIENTO (ID_MOVIMIENTO, ID_ELEMENTO, NOMBRE_MOVIMIENTO, POTENCIA_MOVIMIENTO, PRESICION_MOVIMIENTO, PUNTOSPODER_MOVIMIENTO, CANTIDADBLANCOS_MOVIMIENTO, CARACTERISTICA_MOVIMIENTO, CONFUNDE_MOVIMIENTO, ENVENENA_MOVIMIENTO, CONGELA_MOVIMIENTO, DUERME_MOVIMIENTO, QUEMA_MOVIMIENTO, CONTACTO_MOVIMIENTO) 
	VALUES (23, 11, 'Arañazo', 40, 100, 35, '1', '', false, false, false, false, false, true);
INSERT INTO MOVIMIENTO (ID_MOVIMIENTO, ID_ELEMENTO, NOMBRE_MOVIMIENTO, POTENCIA_MOVIMIENTO, PRESICION_MOVIMIENTO, PUNTOSPODER_MOVIMIENTO, CANTIDADBLANCOS_MOVIMIENTO, CARACTERISTICA_MOVIMIENTO, CONFUNDE_MOVIMIENTO, ENVENENA_MOVIMIENTO, CONGELA_MOVIMIENTO, DUERME_MOVIMIENTO, QUEMA_MOVIMIENTO, CONTACTO_MOVIMIENTO) 
	VALUES (24, 11, 'Megapuño', 80, 85, 20, '1', '', false, false, false, false, false, true);
INSERT INTO MOVIMIENTO (ID_MOVIMIENTO, ID_ELEMENTO, NOMBRE_MOVIMIENTO, POTENCIA_MOVIMIENTO, PRESICION_MOVIMIENTO, PUNTOSPODER_MOVIMIENTO, CANTIDADBLANCOS_MOVIMIENTO, CARACTERISTICA_MOVIMIENTO, CONFUNDE_MOVIMIENTO, ENVENENA_MOVIMIENTO, CONGELA_MOVIMIENTO, DUERME_MOVIMIENTO, QUEMA_MOVIMIENTO, CONTACTO_MOVIMIENTO) 
	VALUES (25, 12, 'Látigo cepa', 45, 100, 15, '1', '', false, false, false, false, false, true);
INSERT INTO MOVIMIENTO (ID_MOVIMIENTO, ID_ELEMENTO, NOMBRE_MOVIMIENTO, POTENCIA_MOVIMIENTO, PRESICION_MOVIMIENTO, PUNTOSPODER_MOVIMIENTO, CANTIDADBLANCOS_MOVIMIENTO, CARACTERISTICA_MOVIMIENTO, CONFUNDE_MOVIMIENTO, ENVENENA_MOVIMIENTO, CONGELA_MOVIMIENTO, DUERME_MOVIMIENTO, QUEMA_MOVIMIENTO, CONTACTO_MOVIMIENTO) 
	VALUES (26, 12, 'Rayo solar', 120, 100, 10, '1', '', false, false, false, false, false, false);
INSERT INTO MOVIMIENTO (ID_MOVIMIENTO, ID_ELEMENTO, NOMBRE_MOVIMIENTO, POTENCIA_MOVIMIENTO, PRESICION_MOVIMIENTO, PUNTOSPODER_MOVIMIENTO, CANTIDADBLANCOS_MOVIMIENTO, CARACTERISTICA_MOVIMIENTO, CONFUNDE_MOVIMIENTO, ENVENENA_MOVIMIENTO, CONGELA_MOVIMIENTO, DUERME_MOVIMIENTO, QUEMA_MOVIMIENTO, CONTACTO_MOVIMIENTO) 
	VALUES (27, 13, 'Confusión', 50, 100, 24, '1', '', true, false, false, false, false, false);
INSERT INTO MOVIMIENTO (ID_MOVIMIENTO, ID_ELEMENTO, NOMBRE_MOVIMIENTO, POTENCIA_MOVIMIENTO, PRESICION_MOVIMIENTO, PUNTOSPODER_MOVIMIENTO, CANTIDADBLANCOS_MOVIMIENTO, CARACTERISTICA_MOVIMIENTO, CONFUNDE_MOVIMIENTO, ENVENENA_MOVIMIENTO, CONGELA_MOVIMIENTO, DUERME_MOVIMIENTO, QUEMA_MOVIMIENTO, CONTACTO_MOVIMIENTO) 
	VALUES (28, 13, 'Hipnosis', 0, 60, 20, '1', '', false, false, false, true, false, false);
INSERT INTO MOVIMIENTO (ID_MOVIMIENTO, ID_ELEMENTO, NOMBRE_MOVIMIENTO, POTENCIA_MOVIMIENTO, PRESICION_MOVIMIENTO, PUNTOSPODER_MOVIMIENTO, CANTIDADBLANCOS_MOVIMIENTO, CARACTERISTICA_MOVIMIENTO, CONFUNDE_MOVIMIENTO, ENVENENA_MOVIMIENTO, CONGELA_MOVIMIENTO, DUERME_MOVIMIENTO, QUEMA_MOVIMIENTO, CONTACTO_MOVIMIENTO) 
	VALUES (29, 14, 'Tumba rocas', 60, 95, 15, '1', '', false, false, false, false, false, false);
INSERT INTO MOVIMIENTO (ID_MOVIMIENTO, ID_ELEMENTO, NOMBRE_MOVIMIENTO, POTENCIA_MOVIMIENTO, PRESICION_MOVIMIENTO, PUNTOSPODER_MOVIMIENTO, CANTIDADBLANCOS_MOVIMIENTO, CARACTERISTICA_MOVIMIENTO, CONFUNDE_MOVIMIENTO, ENVENENA_MOVIMIENTO, CONGELA_MOVIMIENTO, DUERME_MOVIMIENTO, QUEMA_MOVIMIENTO, CONTACTO_MOVIMIENTO) 
	VALUES (30, 14, 'Avalancha', 75, 90, 10, '1', '', false, false, false, false, false, false);
INSERT INTO MOVIMIENTO (ID_MOVIMIENTO, ID_ELEMENTO, NOMBRE_MOVIMIENTO, POTENCIA_MOVIMIENTO, PRESICION_MOVIMIENTO, PUNTOSPODER_MOVIMIENTO, CANTIDADBLANCOS_MOVIMIENTO, CARACTERISTICA_MOVIMIENTO, CONFUNDE_MOVIMIENTO, ENVENENA_MOVIMIENTO, CONGELA_MOVIMIENTO, DUERME_MOVIMIENTO, QUEMA_MOVIMIENTO, CONTACTO_MOVIMIENTO) 
	VALUES (31, 15, 'Triturar', 80, 100, 15, '1', '', false, false, false, false, false, true);
INSERT INTO MOVIMIENTO (ID_MOVIMIENTO, ID_ELEMENTO, NOMBRE_MOVIMIENTO, POTENCIA_MOVIMIENTO, PRESICION_MOVIMIENTO, PUNTOSPODER_MOVIMIENTO, CANTIDADBLANCOS_MOVIMIENTO, CARACTERISTICA_MOVIMIENTO, CONFUNDE_MOVIMIENTO, ENVENENA_MOVIMIENTO, CONGELA_MOVIMIENTO, DUERME_MOVIMIENTO, QUEMA_MOVIMIENTO, CONTACTO_MOVIMIENTO) 
	VALUES (32, 15, 'Tajo umbrío', 70, 100, 15, '1', '', false, false, false, false, false, false);
INSERT INTO MOVIMIENTO (ID_MOVIMIENTO, ID_ELEMENTO, NOMBRE_MOVIMIENTO, POTENCIA_MOVIMIENTO, PRESICION_MOVIMIENTO, PUNTOSPODER_MOVIMIENTO, CANTIDADBLANCOS_MOVIMIENTO, CARACTERISTICA_MOVIMIENTO, CONFUNDE_MOVIMIENTO, ENVENENA_MOVIMIENTO, CONGELA_MOVIMIENTO, DUERME_MOVIMIENTO, QUEMA_MOVIMIENTO, CONTACTO_MOVIMIENTO) 
	VALUES (33, 16, 'Terremoto', 100, 100, 10, '1', '', false, false, false, false, false, false);
INSERT INTO MOVIMIENTO (ID_MOVIMIENTO, ID_ELEMENTO, NOMBRE_MOVIMIENTO, POTENCIA_MOVIMIENTO, PRESICION_MOVIMIENTO, PUNTOSPODER_MOVIMIENTO, CANTIDADBLANCOS_MOVIMIENTO, CARACTERISTICA_MOVIMIENTO, CONFUNDE_MOVIMIENTO, ENVENENA_MOVIMIENTO, CONGELA_MOVIMIENTO, DUERME_MOVIMIENTO, QUEMA_MOVIMIENTO, CONTACTO_MOVIMIENTO) 
	VALUES (34, 16, 'Disparo lodo', 55, 95, 15, '1', '', false, false, false, false, false, false);
INSERT INTO MOVIMIENTO (ID_MOVIMIENTO, ID_ELEMENTO, NOMBRE_MOVIMIENTO, POTENCIA_MOVIMIENTO, PRESICION_MOVIMIENTO, PUNTOSPODER_MOVIMIENTO, CANTIDADBLANCOS_MOVIMIENTO, CARACTERISTICA_MOVIMIENTO, CONFUNDE_MOVIMIENTO, ENVENENA_MOVIMIENTO, CONGELA_MOVIMIENTO, DUERME_MOVIMIENTO, QUEMA_MOVIMIENTO, CONTACTO_MOVIMIENTO) 
	VALUES (35, 17, 'Bomba lodo', 90, 100, 10, '1', '', false, true, false, false, false, false);
INSERT INTO MOVIMIENTO (ID_MOVIMIENTO, ID_ELEMENTO, NOMBRE_MOVIMIENTO, POTENCIA_MOVIMIENTO, PRESICION_MOVIMIENTO, PUNTOSPODER_MOVIMIENTO, CANTIDADBLANCOS_MOVIMIENTO, CARACTERISTICA_MOVIMIENTO, CONFUNDE_MOVIMIENTO, ENVENENA_MOVIMIENTO, CONGELA_MOVIMIENTO, DUERME_MOVIMIENTO, QUEMA_MOVIMIENTO, CONTACTO_MOVIMIENTO) 
	VALUES (36, 17, 'Cola veneno', 50, 100, 25, '1', '', false, true, false, false, false, true);
INSERT INTO MOVIMIENTO (ID_MOVIMIENTO, ID_ELEMENTO, NOMBRE_MOVIMIENTO, POTENCIA_MOVIMIENTO, PRESICION_MOVIMIENTO, PUNTOSPODER_MOVIMIENTO, CANTIDADBLANCOS_MOVIMIENTO, CARACTERISTICA_MOVIMIENTO, CONFUNDE_MOVIMIENTO, ENVENENA_MOVIMIENTO, CONGELA_MOVIMIENTO, DUERME_MOVIMIENTO, QUEMA_MOVIMIENTO, CONTACTO_MOVIMIENTO) 
	VALUES (37, 18, 'Ataque ala', 60, 100, 35, '1', '', false, false, false, false, false, false);
INSERT INTO MOVIMIENTO (ID_MOVIMIENTO, ID_ELEMENTO, NOMBRE_MOVIMIENTO, POTENCIA_MOVIMIENTO, PRESICION_MOVIMIENTO, PUNTOSPODER_MOVIMIENTO, CANTIDADBLANCOS_MOVIMIENTO, CARACTERISTICA_MOVIMIENTO, CONFUNDE_MOVIMIENTO, ENVENENA_MOVIMIENTO, CONGELA_MOVIMIENTO, DUERME_MOVIMIENTO, QUEMA_MOVIMIENTO, CONTACTO_MOVIMIENTO) 
	VALUES (38, 18, 'Tornado', 40, 100, 35, '1', '', false, false, false, false, false, false);
INSERT INTO MOVIMIENTO (ID_MOVIMIENTO, ID_ELEMENTO, NOMBRE_MOVIMIENTO, POTENCIA_MOVIMIENTO, PRESICION_MOVIMIENTO, PUNTOSPODER_MOVIMIENTO, CANTIDADBLANCOS_MOVIMIENTO, CARACTERISTICA_MOVIMIENTO, CONFUNDE_MOVIMIENTO, ENVENENA_MOVIMIENTO, CONGELA_MOVIMIENTO, DUERME_MOVIMIENTO, QUEMA_MOVIMIENTO, CONTACTO_MOVIMIENTO) 
	VALUES (4, 1, 'Disparo Espejo', 65, 85, 10, '1', '', false, false, false, false, false, false);
INSERT INTO MOVIMIENTO (ID_MOVIMIENTO, ID_ELEMENTO, NOMBRE_MOVIMIENTO, POTENCIA_MOVIMIENTO, PRESICION_MOVIMIENTO, PUNTOSPODER_MOVIMIENTO, CANTIDADBLANCOS_MOVIMIENTO, CARACTERISTICA_MOVIMIENTO, CONFUNDE_MOVIMIENTO, ENVENENA_MOVIMIENTO, CONGELA_MOVIMIENTO, DUERME_MOVIMIENTO, QUEMA_MOVIMIENTO, CONTACTO_MOVIMIENTO) 
	VALUES (3, 1, 'Garra Metal', 50, 95, 35, '1', '', false, false, false, false, false, true);


